surveynum,1,2,3,4,5,6,7,8,9,10,11,12,13,14,15,16,17
age,24,31,30,25,26,25,27,21,33,22,28,24,20,28,29,25,19
ageTime,4.87,6.31,35.82,4.68,10.02,5.86,6.62,4.51,7.53,5.13,6.63,7.23,6.79,6.54,8.39,12.45,12.03
code,94603,40924,82446,18309,8104,99148,264,71743,52495,93914,15195,11061,80567,69908,6365,76679,69861
codeTime,,,,,,,,,,,,,,,,,
correct1,,,,,,,,,,,,,,,,,
correct1Time,,3.22,,2.92,3.28,2.59,3.55,2.65,4.43,,2.72,3.51,3.71,5.22,3.45,6.13,2.7
correct2,,,,,,,,,,,,,,,,,
correct2Time,2.83,2.97,2.42,6.11,2.67,1.91,2.79,1.56,2.36,1.88,2.73,2.82,3.02,,3,7.98,2.03
correct3,,,,,,,,,,,,,,,,,
correct3Time,1.62,2.52,2.34,5.08,2.77,2.66,2.61,2.35,2.77,1.93,3.19,,3.06,2.99,2.27,,2.22
correct4,,,,,,,,,,,,,,,,,
correct4Time,2.9,1.54,2.06,2.57,2.72,2.28,1.84,2.5,2.78,1.69,3.83,2.22,3.4,3.3,2,2.87,2.39
datestamp,10/12/2017 19:11,10/12/2017 19:20,10/13/2017 15:47,10/14/2017 11:33,10/15/2017 0:08,10/15/2017 12:56,10/30/2017 9:52,10/15/2017 17:56,10/16/2017 0:58,10/16/2017 13:50,10/16/2017 19:37,10/17/2017 10:11,10/26/2017 8:59,10/17/2017 20:04,10/17/2017 23:26,10/19/2017 12:23,10/28/2017 20:06
description,,,,,,,,,,,,,,,,,
descriptionTime,2.54,52.28,40.4,57.29,113.49,54.16,50.49,41.34,54.28,50.05,89.4,398.43,33.63,125.39,71.43,112.48,54.05
education,Bachelor (Universit?¤t oder Fachhochschule),Master (Universit?¤t oder Fachhochschule),Master (Universit?¤t oder Fachhochschule),Bachelor (Universit?¤t oder Fachhochschule),Master (Universit?¤t oder Fachhochschule),Bachelor (Universit?¤t oder Fachhochschule),Master (Universit?¤t oder Fachhochschule),Abitur (Allgemeine Hochschulreife),Master (Universit?¤t oder Fachhochschule),Abitur (Allgemeine Hochschulreife),Master (Universit?¤t oder Fachhochschule),Bachelor (Universit?¤t oder Fachhochschule),Abitur (Allgemeine Hochschulreife),Abitur (Allgemeine Hochschulreife),Master (Universit?¤t oder Fachhochschule),Abitur (Allgemeine Hochschulreife),Abitur (Allgemeine Hochschulreife)
educationTime,16.84,6.29,6.42,5.31,6.59,6.3,6.19,7.3,11.4,4.95,6.41,8.8,6.76,6.6,19.16,13.79,6.3
false1,,,,,,,,,,,,,,,,,
false1Time,3.34,,4.08,,,,,,,2.52,,,,,,,
false2,,,,,,,,,,,,,,,,,
false2Time,,,,,,,,,,,,,,4.31,,,
false3,,,,,,,,,,,,,,,,,
false3Time,,,,,,,,,,,,2.79,,,,9.27,
false4,,,,,,,,,,,,,,,,,
false4Time,,,,,,,,,,,,,,,,,
groupTime12747,,,,,,,,,,,,,,,,,
groupTime12748,,,,,,,,,,,,,,,,,
groupTime12749,,,,,,,,,,,,,,,,,
groupTime12750,,,,,,,,,,,,,,,,,
groupTime12751,,,,,,,,,,,,,,,,,
groupTime12752,,,,,,,,,,,,,,,,,
groupTime12799,,,,,,,,,,,,,,,,,
id,3,2,1,1,1,1,4,1,1,1,1,1,2,1,1,1,1
instruction,,,,,,,,,,,,,,,,,
Instruction2,,,,,,,,,,,,,,,,,
Instruction2Time,2.23,12.82,14.87,19.08,118.43,11.55,17.88,9.77,25.64,14.24,40.28,53.09,15.61,38.23,58.45,17.48,18.73
instructionTime,2.52,15.9,16.98,19.2,22.01,7.6,21.92,13.47,9.68,13.7,15.85,19.77,2.8,18.25,36.71,9.46,3.59
interviewtime,1893.12,1965.43,1919.02,2709.66,2262.62,1789.27,2009.24,2136.55,2277.32,1821.28,2026.08,4811.83,1983.05,3766.5,3350.94,3130.02,1935.78
ipaddr,185.182.81.2,82.174.112.139,131.174.45.227,213.124.181.74,5.146.249.227,37.201.243.44,91.135.169.115,213.124.166.161,95.116.249.235,213.124.164.186,84.87.229.87,178.9.92.48,77.174.121.204,77.181.190.37,178.202.24.206,80.137.154.93,80.60.159.198
language,Ja,Ja,Ja,Ja,Ja,Ja,Ja,Ja,Ja,Ja,Ja,Ja,Ja,Ja,Ja,Ja,Ja
languageTime,26.46,8.19,4.46,7.58,6.87,6.75,7.36,6.02,23.56,10.79,9.68,8.19,5.72,9.53,10.86,11.72,6.04
lastpage,350,350,350,350,350,350,350,350,350,350,350,350,350,350,350,350,346
NA11,Nomen,,,,,,,,,,,,,,,,
NA110,Nomen,,,,,,,,,,,,,,,,
NA110Time,6.17,,,,,,,,,,,,,,,,
NA111,Nomen,,,,,,,,,,,,,,,,
NA111Time,6.38,,,,,,,,,,,,,,,,
NA112,Verb,,,,,,,,,,,,,,,,
NA112Time,15.68,,,,,,,,,,,,,,,,
NA113,Verb,,,,,,,,,,,,,,,,
NA113Time,4.83,,,,,,,,,,,,,,,,
NA114,Nomen,,,,,,,,,,,,,,,,
NA114Time,7.22,,,,,,,,,,,,,,,,
NA115,Nomen,,,,,,,,,,,,,,,,
NA115Time,6.61,,,,,,,,,,,,,,,,
NA116,Nomen,,,,,,,,,,,,,,,,
NA116Time,3.98,,,,,,,,,,,,,,,,
NA117,Nomen,,,,,,,,,,,,,,,,
NA117Time,4.06,,,,,,,,,,,,,,,,
NA118,Nomen,,,,,,,,,,,,,,,,
NA118Time,7.06,,,,,,,,,,,,,,,,
NA119,Verb,,,,,,,,,,,,,,,,
NA119Time,7.5,,,,,,,,,,,,,,,,
NA11Time,8.92,,,,,,,,,,,,,,,,
NA12,Nomen,,,,,,,,,,,,,,,,
NA120,Nomen,,,,,,,,,,,,,,,,
NA120Time,4.94,,,,,,,,,,,,,,,,
NA121,Nomen,,,,,,,,,,,,,,,,
NA121Time,5.42,,,,,,,,,,,,,,,,
NA122,Nomen,,,,,,,,,,,,,,,,
NA122Time,8.02,,,,,,,,,,,,,,,,
NA123,Nomen,,,,,,,,,,,,,,,,
NA123Time,7.64,,,,,,,,,,,,,,,,
NA124,Nomen,,,,,,,,,,,,,,,,
NA124Time,6.05,,,,,,,,,,,,,,,,
NA125,Nomen,,,,,,,,,,,,,,,,
NA125Time,5.25,,,,,,,,,,,,,,,,
NA126,Nomen,,,,,,,,,,,,,,,,
NA126Time,6.13,,,,,,,,,,,,,,,,
NA127,Nomen,,,,,,,,,,,,,,,,
NA127Time,4.64,,,,,,,,,,,,,,,,
NA128,Nomen,,,,,,,,,,,,,,,,
NA128Time,4.54,,,,,,,,,,,,,,,,
NA129,Nomen,,,,,,,,,,,,,,,,
NA129Time,5.46,,,,,,,,,,,,,,,,
NA12Time,7.14,,,,,,,,,,,,,,,,
NA13,Nomen,,,,,,,,,,,,,,,,
NA130,Nomen,,,,,,,,,,,,,,,,
NA130Time,12.25,,,,,,,,,,,,,,,,
NA131,Nomen,,,,,,,,,,,,,,,,
NA131Time,3.9,,,,,,,,,,,,,,,,
NA132,Nomen,,,,,,,,,,,,,,,,
NA132Time,4.3,,,,,,,,,,,,,,,,
NA133,Nomen,,,,,,,,,,,,,,,,
NA133Time,8.5,,,,,,,,,,,,,,,,
NA134,Nomen,,,,,,,,,,,,,,,,
NA134Time,8.3,,,,,,,,,,,,,,,,
NA135,Verb,,,,,,,,,,,,,,,,
NA135Time,4.78,,,,,,,,,,,,,,,,
NA136,Nomen,,,,,,,,,,,,,,,,
NA136Time,5.56,,,,,,,,,,,,,,,,
NA137,Nomen,,,,,,,,,,,,,,,,
NA137Time,5.34,,,,,,,,,,,,,,,,
NA138,Nomen,,,,,,,,,,,,,,,,
NA138Time,6.04,,,,,,,,,,,,,,,,
NA139,Nomen,,,,,,,,,,,,,,,,
NA139Time,6.68,,,,,,,,,,,,,,,,
NA13Time,5.72,,,,,,,,,,,,,,,,
NA14,Nomen,,,,,,,,,,,,,,,,
NA140,Nomen,,,,,,,,,,,,,,,,
NA140Time,7.95,,,,,,,,,,,,,,,,
NA141,Nomen,,,,,,,,,,,,,,,,
NA141Time,12.19,,,,,,,,,,,,,,,,
NA142,Nomen,,,,,,,,,,,,,,,,
NA142Time,5.39,,,,,,,,,,,,,,,,
NA143,Nomen,,,,,,,,,,,,,,,,
NA143Time,6.18,,,,,,,,,,,,,,,,
NA144,Nomen,,,,,,,,,,,,,,,,
NA144Time,3.34,,,,,,,,,,,,,,,,
NA145,Verb,,,,,,,,,,,,,,,,
NA145Time,7.74,,,,,,,,,,,,,,,,
NA146,Nomen,,,,,,,,,,,,,,,,
NA146Time,6.28,,,,,,,,,,,,,,,,
NA147,Nomen,,,,,,,,,,,,,,,,
NA147Time,5.43,,,,,,,,,,,,,,,,
NA148,Verb,,,,,,,,,,,,,,,,
NA148Time,4.93,,,,,,,,,,,,,,,,
NA149,Nomen,,,,,,,,,,,,,,,,
NA149Time,7.32,,,,,,,,,,,,,,,,
NA14Time,6.5,,,,,,,,,,,,,,,,
NA15,Nomen,,,,,,,,,,,,,,,,
NA150,Nomen,,,,,,,,,,,,,,,,
NA150Time,3.65,,,,,,,,,,,,,,,,
NA15Time,10.46,,,,,,,,,,,,,,,,
NA16,Nomen,,,,,,,,,,,,,,,,
NA16Time,7.17,,,,,,,,,,,,,,,,
NA17,Nomen,,,,,,,,,,,,,,,,
NA17Time,4.54,,,,,,,,,,,,,,,,
NA18,Nomen,,,,,,,,,,,,,,,,
NA18Time,4.53,,,,,,,,,,,,,,,,
NA19,Verb,,,,,,,,,,,,,,,,
NA19Time,8.27,,,,,,,,,,,,,,,,
NA21,Verb,,,,,,,,,,,,,,,,
NA210,Nomen,,,,,,,,,,,,,,,,
NA210Time,6.99,,,,,,,,,,,,,,,,
NA211,Nomen,,,,,,,,,,,,,,,,
NA211Time,6.17,,,,,,,,,,,,,,,,
NA212,Nomen,,,,,,,,,,,,,,,,
NA212Time,6.21,,,,,,,,,,,,,,,,
NA213,Verb,,,,,,,,,,,,,,,,
NA213Time,4.94,,,,,,,,,,,,,,,,
NA214,Nomen,,,,,,,,,,,,,,,,
NA214Time,7.25,,,,,,,,,,,,,,,,
NA215,Nomen,,,,,,,,,,,,,,,,
NA215Time,5.48,,,,,,,,,,,,,,,,
NA216,Nomen,,,,,,,,,,,,,,,,
NA216Time,5.18,,,,,,,,,,,,,,,,
NA217,Nomen,,,,,,,,,,,,,,,,
NA217Time,7.07,,,,,,,,,,,,,,,,
NA218,Verb,,,,,,,,,,,,,,,,
NA218Time,7.68,,,,,,,,,,,,,,,,
NA219,Nomen,,,,,,,,,,,,,,,,
NA219Time,7.24,,,,,,,,,,,,,,,,
NA21Time,3.73,,,,,,,,,,,,,,,,
NA22,Nomen,,,,,,,,,,,,,,,,
NA220,Verb,,,,,,,,,,,,,,,,
NA220Time,6.74,,,,,,,,,,,,,,,,
NA221,Nomen,,,,,,,,,,,,,,,,
NA221Time,5.55,,,,,,,,,,,,,,,,
NA222,Verb,,,,,,,,,,,,,,,,
NA222Time,9.7,,,,,,,,,,,,,,,,
NA223,Nomen,,,,,,,,,,,,,,,,
NA223Time,9.36,,,,,,,,,,,,,,,,
NA224,Verb,,,,,,,,,,,,,,,,
NA224Time,5.7,,,,,,,,,,,,,,,,
NA225,Nomen,,,,,,,,,,,,,,,,
NA225Time,4.99,,,,,,,,,,,,,,,,
NA226,Nomen,,,,,,,,,,,,,,,,
NA226Time,10.67,,,,,,,,,,,,,,,,
NA227,Nomen,,,,,,,,,,,,,,,,
NA227Time,6.07,,,,,,,,,,,,,,,,
NA228,Nomen,,,,,,,,,,,,,,,,
NA228Time,6.8,,,,,,,,,,,,,,,,
NA229,Nomen,,,,,,,,,,,,,,,,
NA229Time,6.6,,,,,,,,,,,,,,,,
NA22Time,8.01,,,,,,,,,,,,,,,,
NA23,Nomen,,,,,,,,,,,,,,,,
NA230,Nomen,,,,,,,,,,,,,,,,
NA230Time,4.56,,,,,,,,,,,,,,,,
NA23Time,4.96,,,,,,,,,,,,,,,,
NA24,Nomen,,,,,,,,,,,,,,,,
NA24Time,7,,,,,,,,,,,,,,,,
NA25,Nomen,,,,,,,,,,,,,,,,
NA25Time,5.72,,,,,,,,,,,,,,,,
NA26,Nomen,,,,,,,,,,,,,,,,
NA26Time,7.22,,,,,,,,,,,,,,,,
NA27,Nomen,,,,,,,,,,,,,,,,
NA27Time,6.01,,,,,,,,,,,,,,,,
NA28,Nomen,,,,,,,,,,,,,,,,
NA28Time,4.69,,,,,,,,,,,,,,,,
NA29,Nomen,,,,,,,,,,,,,,,,
NA29Time,4.26,,,,,,,,,,,,,,,,
pause,,,,,,,,,,,,,,,,,
pauseTime,4.37,97.35,73.86,593.02,61.84,69.98,105.52,66.44,28.6,6.06,45.24,2299.78,28,357.89,209.41,33.19,89.09
PNA110[PNA110],5,,,,,,,,,,,,,,,,
PNA110Time,2.44,,,,,,,,,,,,,,,,
PNA111[PNA111],5,,,,,,,,,,,,,,,,
PNA111Time,3.44,,,,,,,,,,,,,,,,
PNA112[PNA112],1,,,,,,,,,,,,,,,,
PNA112Time,4.14,,,,,,,,,,,,,,,,
PNA113[PNA113],5,,,,,,,,,,,,,,,,
PNA113Time,4.9,,,,,,,,,,,,,,,,
PNA114[PNA114],5,,,,,,,,,,,,,,,,
PNA114Time,2.64,,,,,,,,,,,,,,,,
PNA115[PNA115],5,,,,,,,,,,,,,,,,
PNA115Time,3.48,,,,,,,,,,,,,,,,
PNA116[PNA116],5,,,,,,,,,,,,,,,,
PNA116Time,2.5,,,,,,,,,,,,,,,,
PNA117[PNA117],5,,,,,,,,,,,,,,,,
PNA117Time,2.55,,,,,,,,,,,,,,,,
PNA118[PNA118],5,,,,,,,,,,,,,,,,
PNA118Time,2.91,,,,,,,,,,,,,,,,
PNA119[PNA119],4,,,,,,,,,,,,,,,,
PNA119Time,5.17,,,,,,,,,,,,,,,,
PNA11[PNA11],4,,,,,,,,,,,,,,,,
PNA11Time,3.58,,,,,,,,,,,,,,,,
PNA120[PNA120],4,,,,,,,,,,,,,,,,
PNA120Time,5.4,,,,,,,,,,,,,,,,
PNA121[PNA121],5,,,,,,,,,,,,,,,,
PNA121Time,2.88,,,,,,,,,,,,,,,,
PNA122[PNA122],5,,,,,,,,,,,,,,,,
PNA122Time,4.26,,,,,,,,,,,,,,,,
PNA123[PNA123],5,,,,,,,,,,,,,,,,
PNA123Time,3.12,,,,,,,,,,,,,,,,
PNA124[PNA124],5,,,,,,,,,,,,,,,,
PNA124Time,2.84,,,,,,,,,,,,,,,,
PNA125[PNA125],5,,,,,,,,,,,,,,,,
PNA125Time,4.2,,,,,,,,,,,,,,,,
PNA126[PNA126],5,,,,,,,,,,,,,,,,
PNA126Time,3.75,,,,,,,,,,,,,,,,
PNA127[PNA127],4,,,,,,,,,,,,,,,,
PNA127Time,5.5,,,,,,,,,,,,,,,,
PNA128[PNA128],5,,,,,,,,,,,,,,,,
PNA128Time,3.5,,,,,,,,,,,,,,,,
PNA129[PNA129],5,,,,,,,,,,,,,,,,
PNA129Time,3.55,,,,,,,,,,,,,,,,
PNA12[PNA12],5,,,,,,,,,,,,,,,,
PNA12Time,2.83,,,,,,,,,,,,,,,,
PNA130[PNA130],3,,,,,,,,,,,,,,,,
PNA130Time,2.95,,,,,,,,,,,,,,,,
PNA131[PNA131],5,,,,,,,,,,,,,,,,
PNA131Time,3.1,,,,,,,,,,,,,,,,
PNA132[PNA132],5,,,,,,,,,,,,,,,,
PNA132Time,2.79,,,,,,,,,,,,,,,,
PNA133[PNA133],4,,,,,,,,,,,,,,,,
PNA133Time,3.97,,,,,,,,,,,,,,,,
PNA134[PNA134],3,,,,,,,,,,,,,,,,
PNA134Time,2.74,,,,,,,,,,,,,,,,
PNA135[PNA135],5,,,,,,,,,,,,,,,,
PNA135Time,3.37,,,,,,,,,,,,,,,,
PNA136[PNA136],5,,,,,,,,,,,,,,,,
PNA136Time,3.85,,,,,,,,,,,,,,,,
PNA137[PNA137],5,,,,,,,,,,,,,,,,
PNA137Time,2.64,,,,,,,,,,,,,,,,
PNA138[PNA138],5,,,,,,,,,,,,,,,,
PNA138Time,2.44,,,,,,,,,,,,,,,,
PNA139[PNA139],3,,,,,,,,,,,,,,,,
PNA139Time,4.75,,,,,,,,,,,,,,,,
PNA13[PNA13],5,,,,,,,,,,,,,,,,
PNA13Time,4.97,,,,,,,,,,,,,,,,
PNA140[PNA140],1,,,,,,,,,,,,,,,,
PNA140Time,2.87,,,,,,,,,,,,,,,,
PNA141[PNA141],4,,,,,,,,,,,,,,,,
PNA141Time,2.86,,,,,,,,,,,,,,,,
PNA142[PNA142],5,,,,,,,,,,,,,,,,
PNA142Time,2.5,,,,,,,,,,,,,,,,
PNA143[PNA143],5,,,,,,,,,,,,,,,,
PNA143Time,2.36,,,,,,,,,,,,,,,,
PNA144[PNA144],5,,,,,,,,,,,,,,,,
PNA144Time,3.11,,,,,,,,,,,,,,,,
PNA145[PNA145],3,,,,,,,,,,,,,,,,
PNA145Time,4.49,,,,,,,,,,,,,,,,
PNA146[PNA146],5,,,,,,,,,,,,,,,,
PNA146Time,3.47,,,,,,,,,,,,,,,,
PNA147[PNA147],5,,,,,,,,,,,,,,,,
PNA147Time,3.37,,,,,,,,,,,,,,,,
PNA148[PNA148],4,,,,,,,,,,,,,,,,
PNA148Time,4.64,,,,,,,,,,,,,,,,
PNA149[PNA149],5,,,,,,,,,,,,,,,,
PNA149Time,2.8,,,,,,,,,,,,,,,,
PNA14[PNA14],4,,,,,,,,,,,,,,,,
PNA14Time,3.73,,,,,,,,,,,,,,,,
PNA150[PNA150],5,,,,,,,,,,,,,,,,
PNA150Time,3.75,,,,,,,,,,,,,,,,
PNA15[PNA15],2,,,,,,,,,,,,,,,,
PNA15Time,3.8,,,,,,,,,,,,,,,,
PNA16[PNA16],5,,,,,,,,,,,,,,,,
PNA16Time,3.94,,,,,,,,,,,,,,,,
PNA17[PNA17],5,,,,,,,,,,,,,,,,
PNA17Time,2.66,,,,,,,,,,,,,,,,
PNA18[PNA18],5,,,,,,,,,,,,,,,,
PNA18Time,2.91,,,,,,,,,,,,,,,,
PNA19[PNA19],5,,,,,,,,,,,,,,,,
PNA19Time,3.07,,,,,,,,,,,,,,,,
PNA210[PNA210],5,,,,,,,,,,,,,,,,
PNA210Time,1.88,,,,,,,,,,,,,,,,
PNA211[PNA211],5,,,,,,,,,,,,,,,,
PNA211Time,2.8,,,,,,,,,,,,,,,,
PNA212[PNA212],5,,,,,,,,,,,,,,,,
PNA212Time,3.64,,,,,,,,,,,,,,,,
PNA213[PNA213],4,,,,,,,,,,,,,,,,
PNA213Time,6.41,,,,,,,,,,,,,,,,
PNA214[PNA214],3,,,,,,,,,,,,,,,,
PNA214Time,2.99,,,,,,,,,,,,,,,,
PNA215[PNA215],5,,,,,,,,,,,,,,,,
PNA215Time,2.77,,,,,,,,,,,,,,,,
PNA216[PNA216],5,,,,,,,,,,,,,,,,
PNA216Time,2.96,,,,,,,,,,,,,,,,
PNA217[PNA217],4,,,,,,,,,,,,,,,,
PNA217Time,2.58,,,,,,,,,,,,,,,,
PNA218[PNA218],5,,,,,,,,,,,,,,,,
PNA218Time,3.44,,,,,,,,,,,,,,,,
PNA219[PNA219],4,,,,,,,,,,,,,,,,
PNA219Time,2.62,,,,,,,,,,,,,,,,
PNA21[PNA21],3,,,,,,,,,,,,,,,,
PNA21Time,7.51,,,,,,,,,,,,,,,,
PNA220[PNA220],5,,,,,,,,,,,,,,,,
PNA220Time,3.76,,,,,,,,,,,,,,,,
PNA221[PNA221],5,,,,,,,,,,,,,,,,
PNA221Time,3.17,,,,,,,,,,,,,,,,
PNA222[PNA222],5,,,,,,,,,,,,,,,,
PNA222Time,4.44,,,,,,,,,,,,,,,,
PNA223[PNA223],5,,,,,,,,,,,,,,,,
PNA223Time,3.28,,,,,,,,,,,,,,,,
PNA224[PNA224],5,,,,,,,,,,,,,,,,
PNA224Time,3.26,,,,,,,,,,,,,,,,
PNA225[PNA225],5,,,,,,,,,,,,,,,,
PNA225Time,2.65,,,,,,,,,,,,,,,,
PNA226[PNA226],4,,,,,,,,,,,,,,,,
PNA226Time,3.29,,,,,,,,,,,,,,,,
PNA227[PNA227],5,,,,,,,,,,,,,,,,
PNA227Time,7.01,,,,,,,,,,,,,,,,
PNA228[PNA228],5,,,,,,,,,,,,,,,,
PNA228Time,3.41,,,,,,,,,,,,,,,,
PNA229[PNA229],3,,,,,,,,,,,,,,,,
PNA229Time,3.62,,,,,,,,,,,,,,,,
PNA22[PNA22],5,,,,,,,,,,,,,,,,
PNA22Time,2.71,,,,,,,,,,,,,,,,
PNA230[PNA230],5,,,,,,,,,,,,,,,,
PNA230Time,3.67,,,,,,,,,,,,,,,,
PNA23[PNA23],5,,,,,,,,,,,,,,,,
PNA23Time,2.59,,,,,,,,,,,,,,,,
PNA24[PNA24],5,,,,,,,,,,,,,,,,
PNA24Time,2.16,,,,,,,,,,,,,,,,
PNA25[PNA25],4,,,,,,,,,,,,,,,,
PNA25Time,4.77,,,,,,,,,,,,,,,,
PNA26[PNA26],4,,,,,,,,,,,,,,,,
PNA26Time,3.63,,,,,,,,,,,,,,,,
PNA27[PNA27],5,,,,,,,,,,,,,,,,
PNA27Time,2.5,,,,,,,,,,,,,,,,
PNA28[PNA28],5,,,,,,,,,,,,,,,,
PNA28Time,6.38,,,,,,,,,,,,,,,,
PNA29[PNA29],5,,,,,,,,,,,,,,,,
PNA29Time,3.23,,,,,,,,,,,,,,,,
profession,Student(in),Angestellte(r),Angestellte(r),Student(in),Angestellte(r),Student(in),arbeitssuchend,Student(in),Student(in),Student(in),Angestellte(r),Student(in),Student(in),Angestellte(r),Angestellte(r),Student(in),Student(in)
profession[other],,,,,,,,,,,,,,,,,
professionTime,4.98,7.67,9.2,4.6,12.16,8.63,6.71,4.5,11.74,3.73,12.29,12.74,6.24,8.4,15.02,8.93,6.21
ptest1[SQ001],2,3,2,5,4,3,3,3,4,5,5,2,1,3,4,3,3
ptest1Time,5.23,5.65,14.74,3.78,9.47,5.38,9.54,12.29,9.94,6.03,5.14,14.76,7.74,9.8,24.56,9.71,5.21
ptest2[SQ001],2,2,5,4,3,4,4,5,5,5,5,5,1,4,4,4,5
ptest2Time,5.49,11.89,4.41,4.39,8.32,5.09,3.58,5.96,6.38,6.1,3.25,3.96,6.19,7.85,9.81,6.62,4.03
ptest3[SQ001],2,5,5,4,4,5,5,5,5,5,5,5,3,4,5,4,5
ptest3Time,3.87,3.01,4.2,5.87,4.48,2.84,3.02,3.72,6.88,4.04,2.77,2.67,5.06,6.99,4.97,4.22,3.47
ptest4[SQ001],4,5,5,5,5,4,5,5,5,5,5,5,4,4,5,4,5
ptest4Time,2.27,2.79,3.59,3.31,4.25,2.77,2.94,4.74,4.83,4.42,2.16,2.52,3.69,5.48,4.43,5.29,3.14
PVA110[PVA110],5,,,,,,,,,,,,,,,,
PVA110Time,3.24,,,,,,,,,,,,,,,,
PVA111[PVA111],5,,,,,,,,,,,,,,,,
PVA111Time,3.17,,,,,,,,,,,,,,,,
PVA112[PVA112],5,,,,,,,,,,,,,,,,
PVA112Time,3.43,,,,,,,,,,,,,,,,
PVA113[PVA113],5,,,,,,,,,,,,,,,,
PVA113Time,3.03,,,,,,,,,,,,,,,,
PVA114[PVA114],5,,,,,,,,,,,,,,,,
PVA114Time,2.82,,,,,,,,,,,,,,,,
PVA115[PVA115],5,,,,,,,,,,,,,,,,
PVA115Time,3.95,,,,,,,,,,,,,,,,
PVA116[PVA116],4,,,,,,,,,,,,,,,,
PVA116Time,3.19,,,,,,,,,,,,,,,,
PVA117[PVA117],5,,,,,,,,,,,,,,,,
PVA117Time,3.94,,,,,,,,,,,,,,,,
PVA118[PVA118],5,,,,,,,,,,,,,,,,
PVA118Time,5.12,,,,,,,,,,,,,,,,
PVA119[PVA119],5,,,,,,,,,,,,,,,,
PVA119Time,3.43,,,,,,,,,,,,,,,,
PVA11[PVA11],5,,,,,,,,,,,,,,,,
PVA11Time,4.32,,,,,,,,,,,,,,,,
PVA120[PVA120],5,,,,,,,,,,,,,,,,
PVA120Time,5.78,,,,,,,,,,,,,,,,
PVA121[PVA121],5,,,,,,,,,,,,,,,,
PVA121Time,2.94,,,,,,,,,,,,,,,,
PVA122[PVA122],4,,,,,,,,,,,,,,,,
PVA122Time,4.93,,,,,,,,,,,,,,,,
PVA123[PVA123],4,,,,,,,,,,,,,,,,
PVA123Time,3.5,,,,,,,,,,,,,,,,
PVA124[PVA124],5,,,,,,,,,,,,,,,,
PVA124Time,2.96,,,,,,,,,,,,,,,,
PVA125[PVA125],5,,,,,,,,,,,,,,,,
PVA125Time,3.32,,,,,,,,,,,,,,,,
PVA126[PVA126],3,,,,,,,,,,,,,,,,
PVA126Time,2.69,,,,,,,,,,,,,,,,
PVA127[PVA127],4,,,,,,,,,,,,,,,,
PVA127Time,3.92,,,,,,,,,,,,,,,,
PVA128[PVA128],4,,,,,,,,,,,,,,,,
PVA128Time,2.5,,,,,,,,,,,,,,,,
PVA129[PVA129],4,,,,,,,,,,,,,,,,
PVA129Time,3.09,,,,,,,,,,,,,,,,
PVA12[PVA12],5,,,,,,,,,,,,,,,,
PVA12Time,4.18,,,,,,,,,,,,,,,,
PVA130[PVA130],5,,,,,,,,,,,,,,,,
PVA130Time,4.01,,,,,,,,,,,,,,,,
PVA131[PVA131],5,,,,,,,,,,,,,,,,
PVA131Time,3.21,,,,,,,,,,,,,,,,
PVA132[PVA132],5,,,,,,,,,,,,,,,,
PVA132Time,3.64,,,,,,,,,,,,,,,,
PVA133[PVA133],5,,,,,,,,,,,,,,,,
PVA133Time,3.12,,,,,,,,,,,,,,,,
PVA134[PVA134],5,,,,,,,,,,,,,,,,
PVA134Time,2.74,,,,,,,,,,,,,,,,
PVA135[PVA135],5,,,,,,,,,,,,,,,,
PVA135Time,7.03,,,,,,,,,,,,,,,,
PVA136[PVA136],5,,,,,,,,,,,,,,,,
PVA136Time,2.76,,,,,,,,,,,,,,,,
PVA137[PVA137],5,,,,,,,,,,,,,,,,
PVA137Time,3.6,,,,,,,,,,,,,,,,
PVA138[PVA138],5,,,,,,,,,,,,,,,,
PVA138Time,3.49,,,,,,,,,,,,,,,,
PVA139[PVA139],5,,,,,,,,,,,,,,,,
PVA139Time,7.87,,,,,,,,,,,,,,,,
PVA13[PVA13],5,,,,,,,,,,,,,,,,
PVA13Time,3.07,,,,,,,,,,,,,,,,
PVA140[PVA140],5,,,,,,,,,,,,,,,,
PVA140Time,2.7,,,,,,,,,,,,,,,,
PVA141[PVA141],4,,,,,,,,,,,,,,,,
PVA141Time,3.88,,,,,,,,,,,,,,,,
PVA142[PVA142],5,,,,,,,,,,,,,,,,
PVA142Time,3.4,,,,,,,,,,,,,,,,
PVA143[PVA143],5,,,,,,,,,,,,,,,,
PVA143Time,3.21,,,,,,,,,,,,,,,,
PVA144[PVA144],5,,,,,,,,,,,,,,,,
PVA144Time,7.16,,,,,,,,,,,,,,,,
PVA145[PVA145],5,,,,,,,,,,,,,,,,
PVA145Time,3.45,,,,,,,,,,,,,,,,
PVA146[PVA146],5,,,,,,,,,,,,,,,,
PVA146Time,3.13,,,,,,,,,,,,,,,,
PVA147[PVA147],5,,,,,,,,,,,,,,,,
PVA147Time,4.39,,,,,,,,,,,,,,,,
PVA148[PVA148],3,,,,,,,,,,,,,,,,
PVA148Time,3.79,,,,,,,,,,,,,,,,
PVA149[PVA149],5,,,,,,,,,,,,,,,,
PVA149Time,3.06,,,,,,,,,,,,,,,,
PVA14[PVA14],5,,,,,,,,,,,,,,,,
PVA14Time,2.72,,,,,,,,,,,,,,,,
PVA150[PVA150],5,,,,,,,,,,,,,,,,
PVA150Time,4.74,,,,,,,,,,,,,,,,
PVA15[PVA15],5,,,,,,,,,,,,,,,,
PVA15Time,3.47,,,,,,,,,,,,,,,,
PVA16[PVA16],5,,,,,,,,,,,,,,,,
PVA16Time,7.29,,,,,,,,,,,,,,,,
PVA17[PVA17],5,,,,,,,,,,,,,,,,
PVA17Time,3.53,,,,,,,,,,,,,,,,
PVA18[PVA18],5,,,,,,,,,,,,,,,,
PVA18Time,4.13,,,,,,,,,,,,,,,,
PVA19[PVA19],5,,,,,,,,,,,,,,,,
PVA19Time,3.66,,,,,,,,,,,,,,,,
PVA210[PVA210],4,,,,,,,,,,,,,,,,
PVA210Time,3.32,,,,,,,,,,,,,,,,
PVA211[PVA211],5,,,,,,,,,,,,,,,,
PVA211Time,4.01,,,,,,,,,,,,,,,,
PVA212[PVA212],4,,,,,,,,,,,,,,,,
PVA212Time,3.44,,,,,,,,,,,,,,,,
PVA213[PVA213],5,,,,,,,,,,,,,,,,
PVA213Time,3.66,,,,,,,,,,,,,,,,
PVA214[PVA214],5,,,,,,,,,,,,,,,,
PVA214Time,2.97,,,,,,,,,,,,,,,,
PVA215[PVA215],5,,,,,,,,,,,,,,,,
PVA215Time,3.29,,,,,,,,,,,,,,,,
PVA216[PVA216],3,,,,,,,,,,,,,,,,
PVA216Time,3.03,,,,,,,,,,,,,,,,
PVA217[PVA217],5,,,,,,,,,,,,,,,,
PVA217Time,3.55,,,,,,,,,,,,,,,,
PVA218[PVA218],5,,,,,,,,,,,,,,,,
PVA218Time,4.04,,,,,,,,,,,,,,,,
PVA219[PVA219],5,,,,,,,,,,,,,,,,
PVA219Time,4.39,,,,,,,,,,,,,,,,
PVA21[PVA21],5,,,,,,,,,,,,,,,,
PVA21Time,3.61,,,,,,,,,,,,,,,,
PVA220[PVA220],5,,,,,,,,,,,,,,,,
PVA220Time,3.36,,,,,,,,,,,,,,,,
PVA221[PVA221],5,,,,,,,,,,,,,,,,
PVA221Time,2.66,,,,,,,,,,,,,,,,
PVA222[PVA222],5,,,,,,,,,,,,,,,,
PVA222Time,4.49,,,,,,,,,,,,,,,,
PVA223[PVA223],5,,,,,,,,,,,,,,,,
PVA223Time,3.64,,,,,,,,,,,,,,,,
PVA224[PVA224],5,,,,,,,,,,,,,,,,
PVA224Time,3.84,,,,,,,,,,,,,,,,
PVA225[PVA225],5,,,,,,,,,,,,,,,,
PVA225Time,4.03,,,,,,,,,,,,,,,,
PVA226[PVA226],5,,,,,,,,,,,,,,,,
PVA226Time,2.93,,,,,,,,,,,,,,,,
PVA227[PVA227],5,,,,,,,,,,,,,,,,
PVA227Time,2.35,,,,,,,,,,,,,,,,
PVA228[PVA228],5,,,,,,,,,,,,,,,,
PVA228Time,3.38,,,,,,,,,,,,,,,,
PVA229[PVA229],5,,,,,,,,,,,,,,,,
PVA229Time,3.14,,,,,,,,,,,,,,,,
PVA22[PVA22],5,,,,,,,,,,,,,,,,
PVA22Time,3.2,,,,,,,,,,,,,,,,
PVA230[PVA230],4,,,,,,,,,,,,,,,,
PVA230Time,3.29,,,,,,,,,,,,,,,,
PVA23[PVA23],5,,,,,,,,,,,,,,,,
PVA23Time,2.39,,,,,,,,,,,,,,,,
PVA24[PVA24],5,,,,,,,,,,,,,,,,
PVA24Time,3.56,,,,,,,,,,,,,,,,
PVA25[PVA25],5,,,,,,,,,,,,,,,,
PVA25Time,4.79,,,,,,,,,,,,,,,,
PVA26[PVA26],5,,,,,,,,,,,,,,,,
PVA26Time,3.21,,,,,,,,,,,,,,,,
PVA27[PVA27],5,,,,,,,,,,,,,,,,
PVA27Time,2.94,,,,,,,,,,,,,,,,
PVA28[PVA28],5,,,,,,,,,,,,,,,,
PVA28Time,3.04,,,,,,,,,,,,,,,,
PVA29[PVA29],5,,,,,,,,,,,,,,,,
PVA29Time,3.75,,,,,,,,,,,,,,,,
refurl,https://survey2.gwdg.de/index.php?r=survey/index&sid=800002,https://survey2.gwdg.de/index.php?r=survey/index&sid=70000,https://survey2.gwdg.de/index.php?r=survey/index&sid=70000,https://survey2.gwdg.de/index.php?r=survey/index&sid=70000,https://survey2.gwdg.de/index.php?r=survey/index&sid=70000,https://survey2.gwdg.de/index.php?r=survey/index&sid=70000,,https://survey2.gwdg.de/index.php?r=survey/index&sid=70000,https://survey2.gwdg.de/index.php?r=survey/index&sid=70000,https://survey2.gwdg.de/index.php?r=survey/index&sid=70000,https://survey2.gwdg.de/index.php?r=survey/index&sid=70000,,https://deref-web-02.de/mail/client/v-NR1QbFFq8/dereferrer/?redirectUrl=https%3A%2F%2Fsurvey2.gwdg.de%2Findex.php%3Fr%3Dsurvey%2Findex%26sid%3D800026%26lang%3Dde,https://survey2.gwdg.de/index.php?r=survey/index&sid=70000,https://survey2.gwdg.de/index.php?r=survey/index&sid=70000,https://survey2.gwdg.de/index.php?r=survey/index&sid=70000,https://survey2.gwdg.de/index.php?r=survey/index&sid=70000
ruleTime,53.18,55.25,68.71,101.61,321.86,86.79,53.05,72.97,168.81,47.91,57.12,148.67,44.23,108.68,496.52,206.95,92.11
startdate,10/12/2017 18:48,10/12/2017 18:50,10/13/2017 15:17,10/14/2017 10:50,10/14/2017 23:33,10/15/2017 12:29,10/30/2017 9:22,10/15/2017 17:23,10/16/2017 0:23,10/16/2017 13:23,10/16/2017 19:06,10/17/2017 8:54,10/26/2017 8:29,10/17/2017 18:59,10/17/2017 22:33,10/19/2017 11:34,10/28/2017 19:36
startlanguage,de,de,de,de,de,de,de,de,de,de,de,de,de,de,de,de,de
submitdate,10/12/2017 19:11,10/12/2017 19:20,10/13/2017 15:47,10/14/2017 11:33,10/15/2017 0:08,10/15/2017 12:56,10/30/2017 9:52,10/15/2017 17:56,10/16/2017 0:58,10/16/2017 13:50,10/16/2017 19:37,10/17/2017 10:11,10/26/2017 8:59,10/17/2017 20:04,10/17/2017 23:26,10/19/2017 12:23,10/28/2017 20:06
test1,Nomen,Verb,Nomen,Verb,Verb,Verb,Verb,Verb,Verb,Nomen,Verb,Verb,Verb,Verb,Verb,Verb,Verb
test1Time,6.03,11.61,6.8,14.09,14.45,6.01,6.66,7.67,7.09,5.38,7.79,9.49,6.22,13.87,8.32,13.8,4.1
test2,Nomen,Nomen,Nomen,Nomen,Nomen,Nomen,Nomen,Nomen,Nomen,Nomen,Nomen,Nomen,Nomen,Verb,Nomen,Nomen,Nomen
test2Time,4.17,5.83,8.84,16.64,7.97,5.9,10.27,9.97,6.36,14.71,5.32,7.11,6.18,6.56,8,17.11,5.08
test3,Verb,Verb,Verb,Verb,Verb,Verb,Verb,Verb,Verb,Verb,Verb,Nomen,Verb,Verb,Verb,Nomen,Verb
test3Time,5,7.31,4.51,8.89,7.84,8.23,5.55,7.41,5.9,6.72,7.96,10.53,16.14,14.53,10.72,13.93,8.23
test4,Nomen,Nomen,Nomen,Nomen,Nomen,Nomen,Nomen,Nomen,Nomen,Nomen,Nomen,Nomen,Nomen,Nomen,Nomen,Nomen,Nomen
test4Time,6.69,4.76,7.67,8.69,10.7,5.85,6.63,5.09,6.3,8.79,7.36,8.05,5.99,15.7,21.87,28.22,8.69
VA11,Verb,,,,,,,,,,,,,,,,
VA110,Verb,,,,,,,,,,,,,,,,
VA110Time,5.73,,,,,,,,,,,,,,,,
VA111,Verb,,,,,,,,,,,,,,,,
VA111Time,10.57,,,,,,,,,,,,,,,,
VA112,Verb,,,,,,,,,,,,,,,,
VA112Time,3.76,,,,,,,,,,,,,,,,
VA113,Verb,,,,,,,,,,,,,,,,
VA113Time,4.23,,,,,,,,,,,,,,,,
VA114,Verb,,,,,,,,,,,,,,,,
VA114Time,6.05,,,,,,,,,,,,,,,,
VA115,Verb,,,,,,,,,,,,,,,,
VA115Time,4.9,,,,,,,,,,,,,,,,
VA116,Verb,,,,,,,,,,,,,,,,
VA116Time,6.44,,,,,,,,,,,,,,,,
VA117,Verb,,,,,,,,,,,,,,,,
VA117Time,6.32,,,,,,,,,,,,,,,,
VA118,Verb,,,,,,,,,,,,,,,,
VA118Time,9.33,,,,,,,,,,,,,,,,
VA119,Verb,,,,,,,,,,,,,,,,
VA119Time,7.72,,,,,,,,,,,,,,,,
VA11Time,5.51,,,,,,,,,,,,,,,,
VA12,Verb,,,,,,,,,,,,,,,,
VA120,Verb,,,,,,,,,,,,,,,,
VA120Time,4.95,,,,,,,,,,,,,,,,
VA121,Verb,,,,,,,,,,,,,,,,
VA121Time,3.75,,,,,,,,,,,,,,,,
VA122,Verb,,,,,,,,,,,,,,,,
VA122Time,6.72,,,,,,,,,,,,,,,,
VA123,Verb,,,,,,,,,,,,,,,,
VA123Time,4.89,,,,,,,,,,,,,,,,
VA124,Verb,,,,,,,,,,,,,,,,
VA124Time,6.36,,,,,,,,,,,,,,,,
VA125,Verb,,,,,,,,,,,,,,,,
VA125Time,5.72,,,,,,,,,,,,,,,,
VA126,Nomen,,,,,,,,,,,,,,,,
VA126Time,6.74,,,,,,,,,,,,,,,,
VA127,Verb,,,,,,,,,,,,,,,,
VA127Time,10.47,,,,,,,,,,,,,,,,
VA128,Verb,,,,,,,,,,,,,,,,
VA128Time,5.6,,,,,,,,,,,,,,,,
VA129,Verb,,,,,,,,,,,,,,,,
VA129Time,4.64,,,,,,,,,,,,,,,,
VA12Time,5.29,,,,,,,,,,,,,,,,
VA13,Verb,,,,,,,,,,,,,,,,
VA130,Verb,,,,,,,,,,,,,,,,
VA130Time,7.79,,,,,,,,,,,,,,,,
VA131,Verb,,,,,,,,,,,,,,,,
VA131Time,5.23,,,,,,,,,,,,,,,,
VA132,Verb,,,,,,,,,,,,,,,,
VA132Time,5.51,,,,,,,,,,,,,,,,
VA133,Verb,,,,,,,,,,,,,,,,
VA133Time,7.53,,,,,,,,,,,,,,,,
VA134,Verb,,,,,,,,,,,,,,,,
VA134Time,6.38,,,,,,,,,,,,,,,,
VA135,Verb,,,,,,,,,,,,,,,,
VA135Time,4.67,,,,,,,,,,,,,,,,
VA136,Nomen,,,,,,,,,,,,,,,,
VA136Time,5.42,,,,,,,,,,,,,,,,
VA137,Verb,,,,,,,,,,,,,,,,
VA137Time,3.64,,,,,,,,,,,,,,,,
VA138,Verb,,,,,,,,,,,,,,,,
VA138Time,5.76,,,,,,,,,,,,,,,,
VA139,Verb,,,,,,,,,,,,,,,,
VA139Time,6.65,,,,,,,,,,,,,,,,
VA13Time,8.31,,,,,,,,,,,,,,,,
VA14,Verb,,,,,,,,,,,,,,,,
VA140,Verb,,,,,,,,,,,,,,,,
VA140Time,4.02,,,,,,,,,,,,,,,,
VA141,Verb,,,,,,,,,,,,,,,,
VA141Time,4.97,,,,,,,,,,,,,,,,
VA142,Verb,,,,,,,,,,,,,,,,
VA142Time,4.58,,,,,,,,,,,,,,,,
VA143,Verb,,,,,,,,,,,,,,,,
VA143Time,5.48,,,,,,,,,,,,,,,,
VA144,Verb,,,,,,,,,,,,,,,,
VA144Time,5.85,,,,,,,,,,,,,,,,
VA145,Verb,,,,,,,,,,,,,,,,
VA145Time,9.55,,,,,,,,,,,,,,,,
VA146,Verb,,,,,,,,,,,,,,,,
VA146Time,4.35,,,,,,,,,,,,,,,,
VA147,Verb,,,,,,,,,,,,,,,,
VA147Time,12.81,,,,,,,,,,,,,,,,
VA148,Nomen,,,,,,,,,,,,,,,,
VA148Time,8.43,,,,,,,,,,,,,,,,
VA149,Verb,,,,,,,,,,,,,,,,
VA149Time,4.53,,,,,,,,,,,,,,,,
VA14Time,6.18,,,,,,,,,,,,,,,,
VA15,Verb,,,,,,,,,,,,,,,,
VA150,Verb,,,,,,,,,,,,,,,,
VA150Time,6.26,,,,,,,,,,,,,,,,
VA15Time,3.94,,,,,,,,,,,,,,,,
VA16,Verb,,,,,,,,,,,,,,,,
VA16Time,6.74,,,,,,,,,,,,,,,,
VA17,Verb,,,,,,,,,,,,,,,,
VA17Time,5.91,,,,,,,,,,,,,,,,
VA18,Nomen,,,,,,,,,,,,,,,,
VA18Time,6.64,,,,,,,,,,,,,,,,
VA19,Verb,,,,,,,,,,,,,,,,
VA19Time,4.82,,,,,,,,,,,,,,,,
VA21,Verb,,,,,,,,,,,,,,,,
VA210,Verb,,,,,,,,,,,,,,,,
VA210Time,5.67,,,,,,,,,,,,,,,,
VA211,Verb,,,,,,,,,,,,,,,,
VA211Time,5.66,,,,,,,,,,,,,,,,
VA212,Verb,,,,,,,,,,,,,,,,
VA212Time,4.89,,,,,,,,,,,,,,,,
VA213,Verb,,,,,,,,,,,,,,,,
VA213Time,5.61,,,,,,,,,,,,,,,,
VA214,Verb,,,,,,,,,,,,,,,,
VA214Time,5.45,,,,,,,,,,,,,,,,
VA215,Verb,,,,,,,,,,,,,,,,
VA215Time,4.79,,,,,,,,,,,,,,,,
VA216,Verb,,,,,,,,,,,,,,,,
VA216Time,3.97,,,,,,,,,,,,,,,,
VA217,Verb,,,,,,,,,,,,,,,,
VA217Time,6.28,,,,,,,,,,,,,,,,
VA218,Verb,,,,,,,,,,,,,,,,
VA218Time,7.38,,,,,,,,,,,,,,,,
VA219,Verb,,,,,,,,,,,,,,,,
VA219Time,5.75,,,,,,,,,,,,,,,,
VA21Time,6.77,,,,,,,,,,,,,,,,
VA22,Verb,,,,,,,,,,,,,,,,
VA220,Verb,,,,,,,,,,,,,,,,
VA220Time,8.65,,,,,,,,,,,,,,,,
VA221,Verb,,,,,,,,,,,,,,,,
VA221Time,6.96,,,,,,,,,,,,,,,,
VA222,Verb,,,,,,,,,,,,,,,,
VA222Time,13.34,,,,,,,,,,,,,,,,
VA223,Verb,,,,,,,,,,,,,,,,
VA223Time,5.57,,,,,,,,,,,,,,,,
VA224,Verb,,,,,,,,,,,,,,,,
VA224Time,6.94,,,,,,,,,,,,,,,,
VA225,Verb,,,,,,,,,,,,,,,,
VA225Time,9.75,,,,,,,,,,,,,,,,
VA226,Verb,,,,,,,,,,,,,,,,
VA226Time,5.34,,,,,,,,,,,,,,,,
VA227,Verb,,,,,,,,,,,,,,,,
VA227Time,5.23,,,,,,,,,,,,,,,,
VA228,Verb,,,,,,,,,,,,,,,,
VA228Time,5.16,,,,,,,,,,,,,,,,
VA229,Verb,,,,,,,,,,,,,,,,
VA229Time,5.43,,,,,,,,,,,,,,,,
VA22Time,5.56,,,,,,,,,,,,,,,,
VA23,Verb,,,,,,,,,,,,,,,,
VA230,Verb,,,,,,,,,,,,,,,,
VA230Time,14.08,,,,,,,,,,,,,,,,
VA23Time,5.12,,,,,,,,,,,,,,,,
VA24,Verb,,,,,,,,,,,,,,,,
VA24Time,3.72,,,,,,,,,,,,,,,,
VA25,Verb,,,,,,,,,,,,,,,,
VA25Time,5.55,,,,,,,,,,,,,,,,
VA26,Verb,,,,,,,,,,,,,,,,
VA26Time,6.64,,,,,,,,,,,,,,,,
VA27,Verb,,,,,,,,,,,,,,,,
VA27Time,5.05,,,,,,,,,,,,,,,,
VA28,Verb,,,,,,,,,,,,,,,,
VA28Time,6.49,,,,,,,,,,,,,,,,
VA29,Verb,,,,,,,,,,,,,,,,
VA29Time,4.86,,,,,,,,,,,,,,,,
