Condition;Pair number;ID;Determiner;N0;Verb;Determiner;N1;Preposition;Determiner;Adjective;N2;Attachment (verb attached - VA, noun attached - NA;Unambiguous?;verb_number
1;13;113;Der;Busfahrer;öffnet;die;Tür;mit;einem;veralteten;Druckknopf;VA;0;1
1;91;191;Die;Technikerin;öffnet;das;Fenster;mit;dem;silbernem;Knauf;VA;0;1
2;10;210;Der;Papagei;ärgert;den;Pilger;mit;dem;spitzen;Schnabel;VA;0;2
2;10;210;Der;Pilger;ärgert;den;Papagei;mit;dem;spitzen;Schnabel;NA;0;2
2;27;227;Der;Biker;überholt;den;Reiter;mit;dem;schweren;Motorrad;VA;0;3
2;27;227;Der;Reiter;überholt;den;Biker;mit;dem;schweren;Motorrad;NA;0;3
1;80;180;Der;Rennfahrer;überholt;die;Konkurrenz;mit;dem;getunten;Ferrari;VA;0;3
1;90;190;Das;Team;überholt;den;Gegner;mit;dem;letzten;Punkt;VA;0;3
2;43;243;Der;Vogelstrauß;überholt;den;Pinguin;mit;den;langen;Beinen;VA;0;3
2;43;243;Der;Pinguin;überholt;den;Vogelstrauß;mit;den;langen;Beinen;NA;0;3
2;40;240;Die;Königin;überragt;die;Sklavin;mit;der;goldenen;Krone;NA;0;4
2;40;240;Die;Sklavin;überragt;die;Königin;mit;der;goldenen;Krone;VA;0;4
2;15;215;Die;Tochter;überrascht;die;Zahnfee;mit;dem;wackeligen;Zahn;VA;0;5
2;15;215;Die;Zahnfee;überrascht;die;Tochter;mit;dem;wackeligen;Zahn;NA;0;5
1;18;118;Die;Chöre;übertönen;das;Orchester;mit;der;eintönigen;Harmonie;VA;0;6
1;93;193;Der;Trompeter;übertönt;die;Geige;mit;dem;schiefen;Ton;VA;0;6
1;67;167;Die;Partei;überzeugt;eine;Untergruppe;mit;einigen;fraglichen;Argumenten;VA;0;7
1;98;198;Der;Verein;überzeugt;ein;Komitee;mit;einer;dynamischen;Rhetorik;VA;0;7
2;30;230;Die;Regisseurin;animiert;die;Tänzerin;mit;dem;bunten;Kostüm;NA;0;8
2;30;230;Die;Tänzerin;animiert;die;Regisseurin;mit;dem;bunten;Kostüm;VA;0;8
2;81;281;Der;Pensionär;animiert;den;Chor;mit;seinem;alten;Krückstock;VA;0;8
2;81;281;Der;Chor;animiert;den;Pensionär;mit;seinem;alten;Krückstock;NA;0;8
2;73;273;Das;Rind;attackiert;das;Publikum;mit;den;spitzen;Hörnern;VA;0;9
2;73;273;Das;Publikum;attackiert;das;Rind;mit;den;spitzen;Hörnern;NA;0;9
1;35;135;Der;Großvater;backt;die;Brezel;mit;dem;groben;Salz;NA;0;10
1;46;146;Der;Konditor;backt;den;Kuchen;mit;den;bunten;Streuseln;NA;0;10
2;96;296;Der;Seehund;beäugt;den;Krebs;mit;seinen;niedlichen;Kulleraugen;VA;0;11
2;96;296;Der;Krebs;beäugt;den;Seehund;mit;seinen;niedlichen;Kulleraugen;NA;0;11
2;28;228;Die;Mütter;bedrängen;die;Obsthändler;mit;den;sperrigen;Kinderwägen;VA;0;12
2;28;228;Die;Obsthändler;bedrängen;die;Mütter;mit;den;sperrigen;Kinderwägen;NA;0;12
2;70;270;Die;Wilde;bedroht;die;Kuh;mit;der;brennenden;Fackel;VA;0;13
2;70;270;Die;Kuh;bedroht;die;Wilde;mit;der;brennenden;Fackel;NA;0;13
2;17;217;Der;König;beeindruckt;den;Ritter;mit;der;eisernen;Lanze;NA;0;14
2;17;217;Der;Ritter;beeindruckt;den;König;mit;der;eisernen;Lanze;VA;0;14
2;76;276;Der;Richter;beeindruckt;den;Gauner;mit;seiner;dunklen;Robe;VA;0;14
2;76;276;Der;Gauner;beeindruckt;den;Richter;mit;seiner;dunklen;Robe;NA;0;14
1;28;128;Der;Förster;befördert;das;Holz;mit;der;roten;Markierung;NA;1;15
1;53;153;Der;Kurier;befördert;die;Zeitung;mit;dem;heutigen;Datum;NA;1;15
1;107;1107;Der;Bote;befördert;die;Kisten;mit;dem;gelben;Etikett;NA;1;15
2;98;298;Die;Wühlmaus;befühlt;die;Schnecke;mit;den;wendigen;Fühlern;NA;0;16
2;98;298;Die;Schnecke;befühlt;die;Wühlmaus;mit;den;wendigen;Fühlern;VA;0;16
2;45;245;Der;Milliardär;begegnet;dem;Bauarbeiter;mit;dem;teuren;Cabrio;VA;0;17
2;45;245;Der;Bauarbeiter;begegnet;dem;Milliardär;mit;dem;teuren;Cabrio;NA;0;17
1;22;122;Die;Dichterin;beginnt;ihr ;Werk;mit;dem;provokanten;Titel;VA;0;18
1;81;181;Die;Sängerin;beginnt;ihre;Platte;mit;einem;klassischen;Wagner;VA;0;18
2;24;224;Die;Geigerin;begleitet;die;Pianistin;mit;dem;klassischen;Klavier;NA;0;19
2;24;224;Die;Pianistin;begleitet;die;Geigerin;mit;dem;klassischen;Klavier;VA;0;19
2;82;282;Der;Violinist;begleitet;den;Sänger;mit;seiner;kostbaren;Violine;VA;0;19
2;82;282;Der;Sänger;begleitet;den;Violinist;mit;seiner;kostbaren;Violine;NA;0;19
2;2;22;Die;Bürokraft;begrüßt;die;Katze;mit;dem;duftenden;Leckerli;VA;0;16
2;2;22;Die;Katze;begrüßt;die;Bürokraft;mit;dem;duftenden;Leckerli;NA;0;16
1;111;1111;Der;Maler;begutachtet;die;Wand;mit;der;frischen;Farbe;NA;1;17
1;112;1112;Der;Schamane;begutachtet;die;Maske;mit;der;braunen;Kreide;NA;1;17
1;121;1121;Der;Trainer;behandelt;den;Athleten;mit;der;veralteten;Technik;VA;0;18
1;122;1122;Der;Guru;behandelt;den;Gläubigen;mit;der;erfundenen;Zeremonie;VA;0;18
2;80;280;Der;Radler;behindert;den;Bauer;mit;dem;dreckigen;Trecker;NA;0;19
2;80;280;Der;Bauer;behindert;den;Radler;mit;dem;dreckigen;Trecker;VA;0;19
2;36;236;Die;Indianer;bekämpfen;die;Soldaten;mit;den;giftigen;Pfeilen;VA;0;20
2;36;236;Die;Soldaten;bekämpfen;die;Indianer;mit;den;giftigen;Pfeilen;NA;0;20
2;63;263;Der;Tiger;bekämpft;den;Büffel;mit;den;breiten;Tatzen;VA;0;20
2;63;263;Der;Büffel;bekämpft;den;Tiger;mit;den;breiten;Tatzen;NA;0;20
1;26;126;Die;Familie;bekommt;den;Brief;mit;der;höflichen;Beschwerde;NA;1;21
1;94;194;Das;Unternehmen;bekommt;das;Schreiben;mit;einem;wichtigen;Hinweis;NA;0;21
2;62;262;Die;Soldaten;bekriegen;die;Indianer;mit;den;vergifteten;Pfeilen;NA;0;22
2;62;262;Die;Indianer;bekriegen;die;Soldaten;mit;den;vergifteten;Pfeilen;VA;0;22
1;6;16;Der;Bänker;belästigt;den;Fahrer;mit;der;kubanischen;Zigarre;VA;0;23
1;88;188;Der;Student;belästigt;seinen;Freund;mit;der;lauten;Musik;VA;0;23
1;101;1101;Der;Bänker;belästigt;die;Sekretärin;mit;der;kubanischen;Zigarre;VA;0;23
1;66;166;Der;Optiker;beliefert;einen;Kunden;mit;einer;günstigen;Brille;VA;0;24
1;87;187;Der;Staat;beliefert;die;Haushalte;mit;einem;robusten;Stromnetz;VA;0;24
1;103;1103;Der;Produzent;beliefert;die;Fabriken;mit;den;seltenen;Teilen;VA;0;24
1;2;12;Das;Amt;belohnt;einen;Arbeiter;mit;einer;höheren;Position;VA;0;25
1;79;179;Die;Reiterin;belohnt;ein;Pferd;mit;einem;neuen;Sattel;VA;0;25
2;49;249;Der;Landwirt;belohnt;den;Gaul;mit;dem;zahmen;Verhalten;NA;0;25
2;49;249;Der;Gaul;belohnt;den;Landwirt;mit;dem;zahmen;Verhalten;VA;0;25
1;111;1111;Der;Maler;bemalt;die;Wand;mit;der;frischen;Farbe;VA;0;26
1;112;1112;Der;Schamane;bemalt;die;Maske;mit;der;braunen;Kreide;VA;0;26
1;5;15;Der;Chirurg;bemerkt;den;Kranken;mit;einem;scharfen;Skalpell;NA;0;27
1;60;160;Der;Mediziner;bemerkt;die;Frau;mit;einem;grünen;Mundschutz;NA;1;27
1;29;129;Die;Fotografen;benötigen;eine;Kamera;mit;dem;wertigen;Objektiv;NA;1;28
1;50;150;Der;Kunde;benötigt;einen;Computer;mit;einer;modernen;Tastatur;NA;1;28
1;23;123;Die;Diebin;beneidet;ihren;Komplizen;mit;der;einzigen;Pistole;NA;1;29
1;40;140;Der;Junge;beneidet;seinen;Bruder;mit;dem;dicken;Seil;NA;1;29
1;1;11;Der;Akrobat;beobachtet;den;Clown;mit;dem;elastischen;Hammer;NA;0;30
2;4;24;Der;Gärtner;beobachtet;den;Grashüpfer;mit;der;nützlichen;Lupe;VA;0;30
2;4;24;Der;Grashüpfer;beobachtet;den;Gärtner;mit;der;nützlichen;Lupe;NA;0;30
1;65;165;Die;Alte;beobachtet;den;Einbrecher;mit;ihrer;ledernen;Handtasche;NA;0;30
1;102;1102;Der;Demonstrant;beobachtet;den;Polizisten;mit;dem;schwarzen;Schlagstock;NA;1;30
1;10;110;Die;Behörde;berät;den;Patienten;mit;einem;künstlichen;Katheter;NA;0;31
1;66;166;Der;Optiker;berät;einen;Kunden;mit;einer;günstigen;Brille;NA;0;31
1;104;1104;Die;Ärztin;berät;die;Schwangeren;mit;einer;neuartigen;Milchpumpe;NA;0;31
2;35;235;Das;Kleinkind;berührt;das;Pony;mit;der;weichen;Schnauze;NA;0;32
2;35;235;Das;Pony;berührt;das;Kleinkind;mit;der;weichen;Schnauze;VA;0;32
1;25;125;Der;Erzieher;beruhigt;das;Baby;mit;dem;rasselnden;Stofftier;VA;0;33
1;83;183;Die;Schwester;beruhigt;die;Mutter;mit;der;aufwändigen;Behandlung;VA;0;33
1;95;195;Der;Unternehmer;besänftigt;die;Geldanleger;mit;einem;gründlichen;Bericht;VA;0;34
1;97;197;Der;Verbrecher;besänftigt;den;Anwalt;mit;den;cleveren;Ausreden;VA;0;34
1;105;1105;Der;Unternehmer;besänftigt;den;Geldanleger;mit;den;klugen;Sprüchen;VA;0;34
1;34;134;Die;Großmutter;beschäftigt;ihren;Enkel;mit;dem;tapsigen;Welpen;VA;0;35
1;96;196;Die;Amme;beschäftigt;die;Säuglinge;mit;dem;hölzernen;Spielzeug;VA;0;35
2;74;274;Das;Fräulein;beschützt;das;Einhorn;mit;dem;leuchtenden;Horn;NA;0;36
2;74;274;Das;Einhorn;beschützt;das;Fräulein;mit;dem;leuchtenden;Horn;VA;0;36
1;31;131;Die;Gärtnerin;beschenkt;die;Dame;mit;den;weißen;Rosen;VA;0;37
1;69;169;Die;Pflegerin;beschenkt;eine;Seniorin;mit;ganz;viel;Liebe;VA;0;37
1;38;138;Der;Ingenieur;beschmiert;die;Kette;mit;dem;klebrigen;Öl;VA;0;38
1;75;175;Der;Praktikant;beschmiert;das;Brot;mit;der;organischen;Butter;VA;0;38
1;32;132;Der;Gast;beschriftet;die;Serviette;mit;einer;mobilen;Handynummer;VA;0;39
1;86;186;Der;Spion;beschriftet;das;Notizbuch;mit;einer;wertvollen;Information;VA;0;39
1;39;139;Die;Investoren;besetzen;die;Betriebe;mit;einigen;fleißigen;Tagelöhnern;VA;0;40
1;11;111;Der;Beirat;besetzt;die;Ämter;mit;den;besten;Arbeitern;VA;0;40
1;67;167;Die;Partei;besitzt;eine;Untergruppe;mit;einigen;fraglichen;Argumenten;NA;1;41
1;98;198;Der;Verein;besitzt;ein;Komitee;mit;einer;dynamischen;Rhetorik;NA;1;41
1;68;168;Die;Pfadfinder;besorgen;die;Kakteen;mit;den;dünnen;Pipetten;NA;0;42
1;56;156;Die;Lehrerin;besorgt;die;Pflanze;mit;der;grünen;Gießkanne;NA;0;42
2;9;29;Die;Robbe;bespritzt;die;Animateurin;mit;dem;vollen;Eimer;NA;0;43
2;9;29;Die;Animateurin;bespritzt;die;Robbe;mit;dem;vollen;Eimer;VA;0;43
1;48;148;Der;Kran;bestückt;eine;Ladung;mit;den;tropischen;Früchten;VA;0;44
1;57;157;Der;Lieferant;bestückt;die;Fracht;mit;den;erlesenen;Materialien;VA;0;44
1;35;135;Der;Großvater;bestreut;die;Brezel;mit;dem;groben;Salz;VA;0;45
1;46;146;Der;Konditor;bestreut;den;Kuchen;mit;den;bunten;Streuseln;VA;0;45
1;27;127;Die;Fans;besuchen;das;Konzert;mit;dem;begabten;Musiker;NA;0;46
1;3;13;Die;Angestellte;besucht;die;Sitzung;mit;den;berühmten;Vertretern;NA;0;46
1;95;195;Der;Unternehmer;bevorzugt;die;Geldanleger;mit;einem;gründlichen;Bericht;NA;0;47
1;97;197;Der;Verbrecher;bevorzugt;den;Anwalt;mit;den;cleveren;Ausreden;NA;0;47
1;105;1105;Der;Unternehmer;bevorzugt;den;Geldanleger;mit;den;klugen;Sprüchen;NA;0;47
1;30;130;Die;Friseurin;bewohnt;das;Haus;mit;ihren;betagten;Eltern;VA;0;48
1;58;158;Die;Löwin;bewohnt;die;Oase;mit;ihren;zahlreichen;Artgenossen;VA;0;48
1;51;151;Die;Kundin;bezahlt;die;Kellnerin;mit;den;unhöflichen;Manieren;NA;0;49
1;72;172;Die;Politikerin;bezahlt;den;Taxifahrer;mit;der;dreisten;Art;NA;0;49
2;97;297;Die;Muschel;bezwingt;die;Möwe;mit;ihrer;harten;Schale;VA;0;50
2;97;297;Die;Möwe;bezwingt;die;Muschel;mit;ihrer;harten;Schale;NA;0;50
2;33;233;Der;Sohn;blamiert;den;Trupp;mit;dem;unmodischen;Jackett;VA;0;51
2;33;233;Der;Trupp;blamiert;den;Sohn;mit;dem;unmodischen;Jackett;NA;0;51
2;59;259;Der;Logistiker;blockiert;den;Türsteher;mit;den;mobilen;Containern;VA;0;52
2;59;259;Der;Türsteher;blockiert;den;Logistiker;mit;den;mobilen;Containern;NA;0;52
1;73;173;Der;Polizist;braucht;seinen;Kollegen;mit;dem;anonymen;Telefon;NA;1;53
1;99;199;Die;Zentrale;braucht;das;Flugzeug;mit;dem;digitalen;Funkgerät;NA;1;53
1;48;148;Der;Kran;bringt;eine;Ladung;mit;den;tropischen;Früchten;NA;0;54
2;13;213;Der;Pilot;bringt;den;Notdienst;mit;dem;blauen;Helikopter;VA;0;54
2;13;213;Der;Notdienst;bringt;den;Pilot;mit;dem;blauen;Helikopter;NA;0;54
1;57;157;Der;Lieferant;bringt;die;Fracht;mit;den;erlesenen;Materialien;NA;1;54
2;48;248;Der;Besuch;dankt;dem;Gastgeber;mit;den;schönen;Blumen;VA;0;55
2;48;248;Der;Gastgeber;dankt;dem;Besuch;mit;den;schönen;Blumen;NA;0;55
2;79;279;Der;Winzer;dankt;dem;Abnehmer;mit;dem;erlesenen;Wein;VA;0;55
2;79;279;Der;Abnehmer;dankt;dem;Winzer;mit;dem;erlesenen;Wein;NA;0;55
2;32;232;Die;Expertin;demütigt;die;Praktikantin;mit;der;jahrelangen;Erfahrung;VA;0;56
2;32;232;Die;Praktikantin;demütigt;die;Expertin;mit;der;jahrelangen;Erfahrung;NA;0;56
1;27;127;Die;Fans;diskutieren;das;Konzert;mit;dem;begabten;Musiker;VA;0;57
1;3;13;Die;Angestellte;diskutiert;die;Sitzung;mit;den;berühmten;Vertretern;VA;0;57
2;67;267;Die;Studenten;drohen;den;Dozenten;mit;den;zensierten;Klausuren;NA;0;58
2;67;267;Die;Dozenten;drohen;den;Studenten;mit;den;zensierten;Klausuren;VA;0;58
2;19;219;Die;Polizistin;empfängt;die;Zeugin;mit;dem;achtsamen;Spürhund;VA;0;59
2;19;219;Die;Zeugin;empfängt;die;Polizistin;mit;dem;achtsamen;Spürhund;NA;0;59
2;83;283;Der;König;empfängt;den;Knecht;mit;seinem;prächtigen;Zepter;VA;0;59
2;83;283;Der;Knecht;empfängt;den;König;mit;seinem;prächtigen;Zepter;NA;0;59
1;2;12;Das;Amt;empfiehlt;einen;Arbeiter;mit;einer;höheren;Position;NA;1;60
1;79;179;Die;Reiterin;empfiehlt;ein;Pferd;mit;einem;neuen;Sattel;NA;1;60
1;6;16;Der;Bänker;engagiert;den;Fahrer;mit;der;kubanischen;Zigarre;NA;0;61
1;88;188;Der;Student;engagiert;seinen;Freund;mit;der;lauten;Musik;NA;1;61
1;101;1101;Der;Bänker;engagiert;die;Sekretärin;mit;der;kubanischen;Zigarre;NA;1;61
1;113;1113;Der;Arzt;entdeckt;den;Säugling;mit;einem;flauschigen;Teddy;NA;1;62
1;114;1114;Der;Sanitäter;entdeckt;den;Kranken;mit;einem;kuscheligen;Bären;NA;1;62
2;58;258;Die;Studentin;entzückt;die;Lerngruppe;mit;dem;fröhlichen;Gemüt;VA;0;63
2;58;258;Die;Lerngruppe;entzückt;die;Studentin;mit;dem;fröhlichen;Gemüt;NA;0;63
2;84;284;Das;Publikum;entzückt;das;Ensemble;mit;dem;schallenden;Applaus;VA;0;63
2;84;284;Das;Ensemble;entzückt;das;Publikum;mit;dem;schallenden;Applaus;NA;0;63
1;12;112;Der;Bote;erblickt;das;Paket;mit;dem;kleinen;Fahrrad;NA;1;64
1;74;174;Die;Post;erblickt;den;Container;mit;einem;gelben;Auto;NA;1;64
2;22;222;Die;Bäcker;erfreuen;die;Kinder;mit;den;frischen;Pfannkuchen;VA;0;65
2;22;222;Die;Kinder;erfreuen;die;Bäcker;mit;den;frischen;Pfannkuchen;NA;0;65
1;127;1127;Der;Junggeselle;erfreut;die;Angebetete;mit;einem;hübschen;Kleid;VA;0;65
1;128;1128;Der;Kandidat;erfreut;die;Kandidatin;mit;einem;strahlenden;Lächeln;VA;0;65
2;39;239;Der;Hofnarr;erheitert;den;Kaiser;mit;der;bunten;Perücke;VA;0;66
2;39;239;Der;Kaiser;erheitert;den;Hofnarr;mit;der;bunten;Perücke;NA;0;66
2;31;231;Der;Kläger;ermahnt;den;Richter;mit;dem;lauten;Hammer;NA;0;67
2;31;231;Der;Richter;ermahnt;den;Kläger;mit;dem;lauten;Hammer;VA;0;67
1;113;1113;Der;Arzt;ermuntert;den;Säugling;mit;einem;flauschigen;Teddy;VA;0;68
1;114;1114;Der;Sanitäter;ermuntert;den;Kranken;mit;einem;kuscheligen;Bären;VA;0;68
1;19;119;Die;Cousine;erneuert;die;Reifen;mit;dem ;feinen;Flickzeug;VA;0;69
1;36;136;Der;Händler;erneuert;die;Heizungen;mit;dem;präzisen;Thermostat;VA;0;69
1;106;1106;Die;Cousine;erneuert;den;Raumduft;mit;einem;handlichen;Nachfüller;VA;0;69
1;70;170;Die;Piraten;erobern;das;Territorium;mit;den;alten;Schiffen;VA;0;70
1;45;145;Der;Kommandeur;erobert;die;Festung;mit;seiner;mächtigsten;Armee;VA;0;70
2;60;260;Der;Kassierer;erreicht;den;Käufer;mit;dem;vollen;Wagen;NA;0;71
2;60;260;Der;Käufer;erreicht;den;Kassierer;mit;dem;vollen;Wagen;VA;0;71
1;117;1117;Der;Pirat;erschlägt;den;Kapitän;mit;einem;massiven;Knüppel;VA;0;72
1;118;1118;Der;Rüpel;erschlägt;den;Haudegen;mit;einem;schweren;Ast;VA;0;72
2;18;218;Der;Direktor;erschreckt;den;Forscher;mit;dem;sprudelnden;Reagenzglas;NA;0;73
2;18;218;Der;Forscher;erschreckt;den;Direktor;mit;dem;sprudelnden;Reagenzglas;VA;0;73
2;64;264;Der;Hausmeister;erschreckt;den;Greis;mit;dem;klappernden;Gebiss;NA;0;73
2;64;264;Der;Greis;erschreckt;den;Hausmeister;mit;dem;klappernden;Gebiss;VA;0;73
1;117;1117;Der;Pirat;erspäht;den;Kapitän;mit;einem;massiven;Knüppel;NA;1;74
1;118;1118;Der;Rüpel;erspäht;den;Haudegen;mit;einem;schweren;Ast;NA;1;74
1;24;124;Die;Entwickler;erstellen;die;Programme;mit;der;teuren;Software;VA;0;75
1;4;14;Der;Architekt;erstellt;das;Modell;mit;der;verstaubten;Technik;VA;0;75
1;115;1115;Die;Blinde;ertastet;das;Wesen;mit;den;zarten;Fingern;VA;0;76
1;116;1116;Die;Kaiserin;ertastet;das;Geschöpf;mit;den;feinen;Händen;VA;0;76
2;14;214;Der;Klempner;erwartet;den;Mieter;mit;der;dreckigen;Rohrzange;VA;0;77
2;14;214;Der;Mieter;erwartet;den;Klempner;mit;der;dreckigen;Rohrzange;NA;0;77
2;44;244;Der;Butler;erwartet;seinen;Chef;mit;der;gesamten;Belegschaft;VA;0;77
2;44;244;Der;Chef;erwartet;seinen;Butler;mit;der;gesamten;Belegschaft;NA;0;77
1;29;129;Die;Fotografen;erweitern;eine;Kamera;mit;dem;wertigen;Objektiv;VA;0;78
1;50;150;Der;Kunde;erweitert;einen;Computer;mit;einer;modernen;Tastatur;VA;0;78
1;37;137;Der;Hersteller;erwirbt;die;Flaschen;mit;einem;gläsernen;Korken;NA;1;79
1;17;117;Der;Chemiker;erwirbt ;den;Flakon;mit;dem;praktischen;Pumpspender;NA;1;79
2;54;254;Der;Küchenjunge;erwischt;den;Manager;mit;der;fettigen;Bratpfanne;VA;0;80
2;54;254;Der;Manager;erwischt;den;Küchenjunge;mit;der;fettigen;Bratpfanne;NA;0;80
2;101;2101;Der;Mechaniker;erzürnt;den;Eigentümer;mit;dem;schmutzigen;Werkzeug;VA;0;81
2;101;2101;Der;Eigentümer;erzürnt;den;Mechaniker;mit;dem;schmutzigen;Werkzeug;NA;0;81
1;41;141;Die;Kanzlerin;führt;ein;Gespräch;mit;den;japanischen;Diplomaten;VA;0;82
1;78;178;Die;Regierung;führt;einen;Dialog;mit;dem;iranischen;Minister;VA;0;82
1;42;142;Der;Kellner;füllt;die;Tasse;mit;dem;heißen;Kaffee;VA;0;83
1;49;149;Der;Küchenchef;füllt;den;Topf;mit;der;gestrigen;Suppe;VA;0;83
1;25;125;Der;Erzieher;fürchtet;das;Baby;mit;dem;rasselnden;Stofftier;NA;0;84
1;83;183;Die;Schwester;fürchtet;die;Mutter;mit;der;aufwändigen;Behandlung;NA;0;84
2;56;256;Der;Abenteurer;fasziniert;den;Ureinwohner;mit;der;modernen;Ausrüstung;VA;0;85
2;56;256;Der;Ureinwohner;fasziniert;den;Abenteurer;mit;der;modernen;Ausrüstung;NA;0;85
1;32;132;Der;Gast;findet;die;Serviette;mit;einer;mobilen;Handynummer;NA;1;86
1;86;186;Der;Spion;findet;das;Notizbuch;mit;einer;wertvollen;Information;NA;1;86
2;46;246;Die;Küstenwache;findet;die;Schwimmerin;mit;dem;schnellen;Motorboot;VA;0;86
2;46;246;Die;Schwimmerin;findet;die;Küstenwache;mit;dem;schnellen;Motorboot;NA;0;86
2;23;223;Der;Dirigent;folgt;dem;Musiker;mit;der;lieblichen;Geige;NA;0;87
2;23;223;Der;Musiker;folgt;dem;Dirigent;mit;der;lieblichen;Geige;VA;0;87
2;92;292;Die;Präsidentin;folgt;der;Fraktion;mit;ihren;deutlichen;Aussagen;VA;0;87
2;92;292;Die;Fraktion;folgt;der;Präsidentin;mit;ihren;deutlichen;Aussagen;NA;0;87
1;61;161;Die;Ministerin;formt;eine;Beziehung;mit;der;fremden;Regierung;VA;0;88
1;76;176;Der;Präsident;formt;das;Bündnis;mit;der;privaten;Industrie;VA;0;88
2;25;225;Die;Betreuer;geleiten;die;Senioren;mit;den;klapprigen;Rollatoren;NA;0;89
2;25;225;Die;Senioren;geleiten;die;Betreuer;mit;den;klapprigen;Rollatoren;VA;0;89
1;55;155;Der;Lehrer;gießt;die;Palme;mit;dem;braunen;Kübel;VA;0;90
1;71;171;Der;Platzwart;gießt;das;Gras;mit;einem;gestreiften;Schlauch;VA;0;90
1;20;120;Der;Dekan;grüßt;die;Professorin;mit;einem;eigenen;Büro;NA;0;91
1;33;133;Die;Gräfin;grüßt;den;Diener;mit;einem;seidigen;Anzug;NA;0;91
2;12;212;Der;Doktor;grüßt;den;Patient;mit;dem;brandneuen;Stethoskop;VA;0;91
2;12;212;Der;Patient;grüßt;den;Doktor;mit;dem;brandneuen;Stethoskop;NA;0;91
1;110;1110;Die;Chefin;gratuliert;dem;Mitarbeiter;mit;der;faltbaren;Karte;VA;0;92
1;110;1110;Die;Nichte;gratuliert;der;Patentante;mit;der;riesigen;Torte;VA;0;92
1;42;142;Der;Kellner;hält;die;Tasse;mit;dem;heißen;Kaffee;NA;1;93
1;49;149;Der;Küchenchef;hält;den;Topf;mit;der;gestrigen;Suppe;NA;1;93
2;52;252;Die;Trainerin;hilft;der;Mannschaft;mit;den;cleveren;Spielzügen;VA;0;94
2;52;252;Die;Mannschaft;hilft;der;Trainerin;mit;den;cleveren;Spielzügen;NA;0;94
1;34;134;Die;Großmutter;holt;ihren;Enkel;mit;dem;tapsigen;Welpen;NA;0;95
2;26;226;Der;Sanitäter;holt;den;Urlauber;mit;der;faltbaren;Trage;VA;0;95
2;26;226;Der;Urlauber;holt;den;Sanitäter;mit;der;faltbaren;Trage;NA;0;95
1;96;196;Die;Amme;holt;die;Säuglinge;mit;dem;hölzernen;Spielzeug;NA;0;95
1;20;120;Der;Dekan;honoriert;die;Professorin;mit;einem;eigenen;Büro;VA;0;96
1;33;133;Die;Gräfin;honoriert;den;Diener;mit;einem;seidigen;Anzug;VA;0;96
1;21;121;Der;Detektiv;ignoriert;die;Truhe;mit;dem;rostigen;Schloss;NA;1;97
1;62;162;Die;Nachbarin;ignoriert;den;Schrank;mit;dem;goldenen;Schlüssel;NA;1;97
2;20;220;Der;Pfarrer;imponiert;dem;Skeptiker;mit;einem;gefestigten;Glauben;VA;0;98
2;20;220;Der;Skeptiker;imponiert;dem;Pfarrer;mit;einem;gefestigten;Glauben;NA;0;98
2;86;286;Die;Tänzerin;imponiert;der;Jury;mit;ihrem;wallenden;Tutu;VA;0;98
2;86;286;Die;Jury;imponiert;der;Tänzerin;mit;ihrem;wallenden;Tutu;NA;0;98
2;38;238;Der;Gaffer;irritiert;den;Zauberer;mit;den;wundersamen;Tricks;NA;0;99
2;38;238;Der;Zauberer;irritiert;den;Gaffer;mit;den;wundersamen;Tricks;VA;0;99
2;104;2104;Der;Autofahrer;irritiert;den;Notdienst;mit;dem;schrillen;Blaulicht;NA;0;99
2;104;2104;Der;Notdienst;irritiert;den;Autofahrer;mit;dem;schrillen;Blaulicht;VA;0;99
2;5;25;Der;Cowboy;jagt;den;Hengst;mit;dem;langen;Lasso;VA;0;100
2;5;25;Der;Hengst;jagt;den;Cowboy;mit;dem;langen;Lasso;NA;0;100
1;55;155;Der;Lehrer;kauft;die;Palme;mit;dem;braunen;Kübel;NA;0;101
1;71;171;Der;Platzwart;kauft;das;Gras;mit;einem;gestreiften;Schlauch;NA;1;101
1;31;131;Die;Gärtnerin;kennt;die;Dame;mit;den;weißen;Rosen;NA;1;102
1;69;169;Die;Pflegerin;kennt;eine;Seniorin;mit;ganz;viel;Liebe;NA;1;102
2;11;211;Der;Kater;kitzelt;den;Schüler;mit;dem;weißen;Schnurrhaar;VA;0;103
2;11;211;Der;Schüler;kitzelt;den;Kater;mit;dem;weißen;Schnurrhaar;NA;0;103
1;9;19;Der;Beamte;koordiniert;die;Aktivitäten;mit;seinen;chaotischen;Assistenten;VA;0;104
1;15;115;Der;Leiter;koordiniert;die;Projekte;mit;seinen;geschätzten;Kollegen;VA;0;104
1;18;118;Die;Chöre;kritisieren;das;Orchester;mit;der;eintönigen;Harmonie;NA;0;105
1;93;193;Der;Trompeter;kritisiert;die;Geige;mit;dem;schiefen;Ton;NA;0;105
2;42;242;Die;Greisin;lauscht;der;Erzählerin;mit;dem;piepsenden;Hörgerät;VA;0;106
2;42;242;Die;Erzählerin;lauscht;der;Greisin;mit;dem;piepsenden;Hörgerät;NA;0;106
2;99;299;Die;Miezekatze;liebkost;die;Bäuerin;mit;den;rosa;Pfoten;VA;0;107
2;99;299;Die;Bäuerin;liebkost;die;Miezekatze;mit;den;rosa;Pfoten;NA;0;107
1;129;1129;Der;Bäcker;liebt;das;Brot;mit;den;knusprigen;Kernen;NA;1;108
1;130;1130;Der;Genießer;liebt;die;Mahlzeit;mit;dem;exotischen;Salz;NA;1;108
1;12;112;Der;Bote;liefert;das;Paket;mit;dem;kleinen;Fahrrad;VA;0;109
1;74;174;Die;Post;liefert;den;Container;mit;einem;gelben;Auto;VA;0;109
2;61;261;Der;Käfer;lockt;den;Specht;mit;dem;glänzenden;Panzer;VA;0;110
2;61;261;Der;Specht;lockt;den;Käfer;mit;dem;glänzenden;Panzer;NA;0;110
1;14;114;Der;Camper;mag;die;Suppe;mit;der;frischen;Petersilie;NA;0;111
1;44;144;Der;Koch;mag;den;Salat;mit;den;lokalen;Kräutern;NA;0;111
1;28;128;Der;Förster;markiert;das;Holz;mit;der;roten;Markierung;VA;0;112
1;53;153;Der;Kurier;markiert;die;Zeitung;mit;dem;heutigen;Datum;VA;0;112
1;107;1107;Der;Bote;markiert;die;Kisten;mit;dem;gelben;Etikett;VA;0;112
1;16;116;Die;Chefin;meidet;den;Mitarbeiter;mit;der;faltbaren;Karte;NA;1;113
1;63;163;Die;Nichte;meidet;die;Patentante;mit;der;riesigen;Torte;NA;0;113
1;7;17;Die;Barfrau;mischt;den;Gin;mit;dem;kalten;Tonic;VA;0;114
1;64;164;Der;Ober;mischt;das;Sprudel;mit;dem;trübem;Apfelsaft;VA;0;114
1;125;1125;Der;Raucher;mustert;den;Passanten;mit;der;stinkenden;Zigarette;NA;1;115
1;126;1126;Der;Obdachlose;mustert;den;Unbekannten;mit;seiner;widerlichen;Jacke;NA;1;115
2;50;250;Der;Fußballer;nervt;den;Schiri;mit;der;schwarzen;Pfeife;NA;0;116
2;50;250;Der;Schiri;nervt;den;Fußballer;mit;der;schwarzen;Pfeife;VA;0;116
2;65;265;Der;Kurier;ohrfeigt;den;Butler;mit;dem;silbernen;Tablett;NA;0;117
2;65;265;Der;Butler;ohrfeigt;den;Kurier;mit;dem;silbernen;Tablett;VA;0;117
1;5;15;Der;Chirurg;operiert;den;Kranken;mit;einem;scharfen;Skalpell;VA;0;118
1;60;160;Der;Mediziner;operiert;die;Frau;mit;einem;grünen;Mundschutz;VA;0;118
2;103;2103;Die;Fliege;plagt;die;Hündin;mit;dem;wedelnden;Schwanz;NA;0;119
2;103;2103;Die;Hündin;plagt;die;Fliege;mit;dem;wedelnden;Schwanz;VA;0;119
2;55;255;Der;Torero;provoziert;den;Stier;mit;dem;roten;Tuch;VA;0;119
2;55;255;Der;Stier;provoziert;den;Torero;mit;dem;vollen;Wagen;NA;0;119
2;102;2102;Die;Mücke;quält;die;Urlauberin;mit;dem;aggressiven;Mückenspray;NA;0;120
2;102;2102;Die;Urlauberin;quält;die;Mücke;mit;dem;aggressiven;Mückenspray;VA;0;120
2;94;294;Der;Wolf;rammt;den;Elch;mit;seinem;enormen;Geweih;NA;0;121
2;94;294;Der;Elch;rammt;den;Wolf;mit;seinem;enormen;Geweih;VA;0;121
2;93;293;Die;Krake;reizt;die;Beute;mit;den;flinken;Tentakeln;VA;0;122
2;93;293;Die;Beute;reizt;die;Krake;mit;den;flinken;Tentakeln;NA;0;122
1;13;113;Der;Busfahrer;repariert;die;Tür;mit;einem;veralteten;Druckknopf;NA;0;123
1;91;191;Die;Technikerin;repariert;das;Fenster;mit;dem;silbernem;Knauf;NA;0;123
1;23;123;Die;Diebin;rettet;ihren;Komplizen;mit;der;einzigen;Pistole;VA;0;124
1;40;140;Der;Junge;rettet;seinen;Bruder;mit;dem;dicken;Seil;VA;0;124
1;85;185;Der;Soldat;ruft;seine;Verlobte;mit;dem;liebevollen;Brief;NA;0;125
1;89;189;Die;Tante;ruft;den;Neffen;mit;dem;lila;Lutscher;NA;0;125
1;108;1108;Die;Alte;ruft;den;Enkel;mit;der;ungesunden;Schokolade;NA;0;125
2;71;271;Die;Reisegruppe;ruft;die;Leiterin;mit;dem;großen;Megaphon;NA;0;125
2;71;271;Die;Leiterin;ruft;die;Reisegruppe;mit;dem;großen;Megaphon;VA;0;125
1;61;161;Die;Ministerin;schätzt;eine;Beziehung;mit;der;fremden;Regierung;NA;0;126
1;76;176;Der;Präsident;schätzt;das;Bündnis;mit;der;privaten;Industrie;NA;0;126
2;85;285;Der;Ninja;schützt;den;Meister;mit;den;uralten;Weisheiten;VA;0;127
2;85;285;Der;Meister;schützt;den;Ninja;mit;den;uralten;Weisheiten;NA;0;127
2;100;2100;Der;Delphin;schikaniert;den;Badegast;mit;den;kräftigen;Flossen;VA;0;128
2;100;2100;Der;Badegast;schikaniert;den;Delphin;mit;den;kräftigen;Flossen;NA;0;128
1;92;192;Die;Trainerin;schlägt;den;Hund;mit;einem;langen;Stock;VA;0;129
1;100;1100;Die;Züchterin;schlägt;das;Tier;mit;der;kurzen;Leine;VA;0;129
1;119;1119;Der;Zauberer;schmückt;das;Huhn;mit;den;besonderen;Federn;VA;0;130
1;120;1120;Der;Prinz;schmückt;das;Ross;mit;den;glitzernden;Strähnen;VA;0;130
1;82;182;Die;Schülerin;schreibt;die;Klausur;mit;nur;wenigen;Fehlern;VA;0;131
1;84;184;Der;Sekretär;schreibt;das;Protokoll;mit;der;schönen;Handschrift;VA;0;131
2;7;27;Der;Wanderer;schubst;den;Bock;mit;dem;gekrümmten;Horn;NA;0;132
2;7;27;Der;Bock;schubst;den;Wanderer;mit;dem;gekrümmten;Horn;VA;0;132
2;1;21;Der;Vogel;sieht;den;Mann;mit;dem;großen;Fernglas;NA;0;133
2;1;21;Der;Mann;sieht;den;Vogel;mit;dem;großen;Fernglas;VA;0;133
1;92;192;Die;Trainerin;sieht;den;Hund;mit;einem;langen;Stock;NA;1;133
1;100;1100;Die;Züchterin;sieht;das;Tier;mit;der;kurzen;Leine;NA;1;133
1;54;154;Die;Landwirte;sperren;die;Wiesen;mit;den;stacheligen;Zäunen;VA;0;134
1;77;177;Der;Prüfer;sperrt;die;Zone;mit;dem;rot-weißen;Absperrband;VA;0;134
2;72;272;Der;Torwart;stößt;den;Stürmer;mit;seinem;ledernen;Handschuh;VA;0;135
2;72;272;Der;Stürmer;stößt;den;Torwart;mit;seinem;ledernen;Handschuh;NA;0;135
1;125;1125;Der;Raucher;stört;den;Passanten;mit;der;stinkenden;Zigarette;VA;0;136
1;126;1126;Der;Obdachlose;stört;den;Unbekannten;mit;seiner;widerlichen;Jacke;VA;0;136
2;3;23;Der;Elefant;streichelt;den;Wärter;mit;dem;grauen;Rüssel;VA;0;137
2;3;23;Der;Wärter;streichelt;den;Elefant;mit;dem;grauen;Rüssel;NA;0;137
2;78;278;Der;Zuschauer;streift;den;Fechter;mit;dem;stumpfen;Degen;NA;0;136
2;78;278;Der;Fechter;streift;den;Zuschauer;mit;dem;stumpfen;Degen;VA;0;136
1;39;139;Die;Investoren;suchen;die;Betriebe;mit;einigen;fleißigen;Tagelöhnern;NA;0;137
1;11;111;Der;Beirat;sucht;die;Ämter;mit;den;besten;Arbeitern;NA;0;137
1;85;185;Der;Soldat;tröstet;seine;Verlobte;mit;dem;liebevollen;Brief;VA;0;138
1;89;189;Die;Tante;tröstet;den;Neffen;mit;dem;lila;Lutscher;VA;0;138
1;108;1108;Die;Alte;tröstet;den;Enkel;mit;der;ungesunden;Schokolade;VA;0;138
2;47;247;Die;Diebe;treffen;die;Ermittler;mit;dem;gestohlenen;Auto;VA;0;139
2;47;247;Die;Ermittler;treffen;die;Diebe;mit;dem;gestohlenen;Auto;NA;0;139
2;37;237;Die;Fluglotsen;treiben;die;Passagiere;mit;den;gelben;Kellen;VA;0;140
2;37;237;Die;Passagiere;treiben;die;Fluglotsen;mit;den;gelben;Kellen;NA;0;140
2;8;28;Der;Krieger;trifft;den;Hirsch;mit;dem;klobigen;Gewehr;VA;0;141
2;8;28;Der;Hirsch;trifft;den;Krieger;mit;dem;klobigen;Gewehr;NA;0;141
2;16;216;Das;Mädchen;umarmt;das;Maskottchen;mit;den;pelzigen;Armen;NA;0;142
2;16;216;Das;Maskottchen;umarmt;das;Mädchen;mit;den;pelzigen;Armen;VA;0;142
1;77;177;Der;Prüfer;umfährt;die;Zone;mit;dem;rot-weißen;Absperrband;NA;0;143
1;54;154;Die;Landwirte;umfahren;die;Wiesen;mit;den;stacheligen;Zäunen;NA;1;143
2;41;241;Die;Gemeinde;unterstützt;die;Präsidentin;mit;den;zahlreichen;Stimmen;NA;0;144
2;41;241;Die;Präsidentin;unterstützt;die;Gemeinde;mit;den;zahlreichen;Stimmen;VA;0;144
2;88;288;Der;Pfarrer;unterstützt;den;Bund;mit;seiner;tröstenden;Predigt;VA;0;144
2;88;288;Der;Bund;unterstützt;den;Pfarrer;mit;seiner;tröstenden;Predigt;NA;0;144
2;69;269;Das;Kind;verängstigt;das;Insekt;mit;dem;giftigen;Stachel;NA;0;145
2;69;269;Das;Insekt;verängstigt;das;Kind;mit;dem;giftigen;Stachel;VA;0;145
1;51;151;Die;Kundin;verärgert;die;Kellnerin;mit;den;unhöflichen;Manieren;VA;0;146
1;72;172;Die;Politikerin;verärgert;den;Taxifahrer;mit;der;dreisten;Art;VA;0;146
1;123;1123;Die;Köchin;verabscheut;die;Besucher;mit;dem;fettigen;Essen;NA;1;147
1;124;1124;Die;Frisöse;verabscheut;die;Kunden;mit;dem;schmierigen;Haargel;NA;1;147
2;51;251;Der;Punk;verblüfft;den;Schaffner;mit;den;grünen;Haaren;VA;0;148
2;51;251;Der;Schaffner;verblüfft;den;Punk;mit;den;grünen;Haaren;NA;0;148
2;89;289;Die;Schwangere;verblüfft;die;Hebamme;mit;ihrer;jahrelangen;Erfahrung;NA;0;148
2;89;289;Die;Hebamme;verblüfft;die;Schwangere;mit;ihrer;jahrelangen;Erfahrung;VA;0;148
1;129;1129;Der;Bäcker;veredelt;das;Brot;mit;den;knusprigen;Kernen;VA;0;149
1;130;1130;Der;Genießer;veredelt;die;Mahlzeit;mit;dem;exotischen;Salz;VA;0;149
1;115;1115;Die;Blinde;verehrt;das;Wesen;mit;den;zarten;Fingern;NA;0;150
1;116;1116;Die;Kaiserin;verehrt;das;Geschöpf;mit;den;feinen;Händen;NA;0;150
2;77;277;Der;Chinese;verführt;den;Besuch;mit;seinen;hölzernen;Stäbchen;VA;0;151
2;77;277;Der;Besuch;verführt;den;Chinesen;mit;seinen;hölzernen;Stäbchen;NA;0;151
2;53;253;Der;Magier;verflucht;den;Bauer;mit;dem;magischen;Trank;VA;0;152
2;53;253;Der;Bauer;verflucht;den;Magier;mit;dem;magischen;Trank;NA;0;152
1;41;141;Die;Kanzlerin;verfolgt;ein;Gespräch;mit;den;japanischen;Diplomaten;NA;0;153
1;78;178;Die;Regierung;verfolgt;einen;Dialog;mit;dem;iranischen;Minister;NA;0;153
2;57;257;Der;Jäger;verfolgt;den;Adler;mit;der;rostigen;Flinte;VA;0;153
2;57;257;Der;Adler;verfolgt;den;Jäger;mit;der;rostigen;Flinte;NA;0;153
1;43;143;Der;Kiosk;vergleicht;die;Zeitschrift;mit;dem;aktuellen;Sonderheft;VA;0;154
1;59;159;Der;Makler;vergleicht;das;Angebot;mit;den;edlen;Immobilien;VA;0;154
2;66;266;Der;Verlierer;verhaut;den;Sieger;mit;der;begehrten;Trophäe;NA;0;155
2;66;266;Der;Sieger;verhaut;den;Verlierer;mit;der;begehrten;Trophäe;VA;0;155
1;43;143;Der;Kiosk;verkauft;die;Zeitschrift;mit;dem;aktuellen;Sonderheft;NA;0;156
1;59;159;Der;Makler;verkauft;das;Angebot;mit;den;edlen;Immobilien;NA;1;156
1;22;122;Die;Dichterin;verleiht;ihr ;Werk;mit;dem;provokanten;Titel;NA;1;157
1;81;181;Die;Sängerin;verleiht;ihre;Platte;mit;einem;klassischen;Wagner;NA;1;157
2;34;234;Die;Raubkatze;verletzt;die;Antilope;mit;den;scharfen;Krallen;VA;0;158
2;34;234;Die;Antilope;verletzt;die;Raubkatze;mit;den;scharfen;Krallen;NA;0;158
2;90;290;Der;Igel;verletzt;den;Fuchs;mit;den;kleinen;Stacheln;VA;0;158
2;90;290;Der;Fuchs;verletzt;den;Igel;mit;den;kleinen;Stacheln;NA;0;158
1;70;170;Die;Piraten;verlieren;das;Territorium;mit;den;alten;Schiffen;NA;0;159
1;45;145;Der;Kommandeur;verliert;die;Festung;mit;seiner;mächtigsten;Armee;NA;0;159
2;68;268;Der;Räuber;vermöbelt;den;Opa;mit;der;metallenen;Krücke;NA;0;160
2;68;268;Der;Opa;vermöbelt;den;Räuber;mit;der;metallenen;Krücke;VA;0;160
1;9;19;Der;Beamte;vermerkt;die;Aktivitäten;mit;seinen;chaotischen;Assistenten;NA;0;161
1;15;115;Der;Leiter;vermerkt;die;Projekte;mit;seinen;geschätzten;Kollegen;NA;0;161
1;30;130;Die;Friseurin;vermisst;das;Haus;mit;ihren;betagten;Eltern;NA;0;162
1;58;158;Die;Löwin;vermisst;die;Oase;mit;ihren;zahlreichen;Artgenossen;NA;0;162
1;38;138;Der;Ingenieur;verpackt;die;Kette;mit;dem;klebrigen;Öl;NA;1;163
1;75;175;Die;Praktikant;verpackt;das;Brot;mit;der;organischen;Butter;NA;1;163
1;80;180;Der;Rennfahrer;verpfeift;die;Konkurrenz;mit;dem;getunten;Ferrari;NA;1;164
1;90;190;Das;Team;verpfeift;den;Gegner;mit;dem;letzten;Punkt;NA;1;164
1;123;1123;Die;Köchin;verpflegt;die;Besucher;mit;dem;fettigen;Essen;VA;0;165
1;124;1124;Die;Frisöse;verpflegt;die;Kunden;mit;dem;schmierigen;Haargel;VA;0;165
1;1;11;Der;Akrobat;verprügelt;den;Clown;mit;dem;elastischen;Hammer;VA;0;166
1;65;165;Die;Alte;verprügelt;den;Einbrecher;mit;ihrer;ledernen;Handtasche;VA;0;166
1;102;1102;Der;Demonstrant;verprügelt;den;Polizisten;mit;dem;schwarzen;Schlagstock;VA;0;166
1;21;121;Der;Detektiv;verriegelt;die;Truhe;mit;dem;rostigen;Schloss;VA;0;167
1;62;162;Die;Nachbarin;verriegelt;den;Schrank;mit;dem;goldenen;Schlüssel;VA;0;167
1;19;119;Die;Cousine;verschenkt;die;Reifen;mit;dem ;feinen;Flickzeug;NA;0;168
1;36;136;Der;Händler;verschenkt;die;Heizungen;mit;dem;präzisen;Thermostat;NA;0;168
1;106;1106;Die;Cousine;verschenkt;den;Raumduft;mit;einem;handlichen;Nachfüller;NA;1;168
2;75;275;Die;Sträunerin;verscheucht;die;Hexe;mit;ihrer;fetten;Warze;NA;0;169
2;75;275;Die;Hexe;verscheucht;die;Sträunerin;mit;ihrer;fetten;Warze;VA;0;169
1;17;117;Der;Chemiker;verschließt;den;Flakon;mit;dem;praktischen;Pumpspender;VA;0;170
1;37;137;Der;Hersteller;verschließt;die;Flaschen;mit;einem;gläsernen;Korken;VA;0;170
1;109;1109;Der;Chemiker;verschließt;den;Flakon;mit;einem;praktischen;Pumpspender;VA;0;170
1;26;126;Die;Familie;versieht;den;Brief;mit;der;höflichen;Beschwerde;VA;0;171
1;94;194;Das;Unternehmen;versieht;das;Schreiben;mit;einem;wichtigen;Hinweis;VA;0;171
1;109;1109;Die;Familie;versieht;den;Brief;mit;einer;höflichen;Beschwerde;VA;1;171
1;47;147;Die;Konzerne;versorgen;die;Einwohner;mit;einem;primären;Anschluss;VA;0;172
1;10;110;Die;Behörde;versorgt;den;Patienten;mit;einem;künstlichen;Katheter;VA;0;172
1;104;1104;Die;Ärztin;versorgt;die;Schwangeren;mit;einer;neuartigen;Milchpumpe;VA;0;172
1;24;124;Die;Entwickler;verspotten;die;Programme;mit;der;teuren;Software;NA;0;173
1;4;14;Der;Architekt;verspottet;das;Modell;mit;der;verstaubten;Technik;NA;0;173
1;73;173;Der;Polizist;verständigt;seinen;Kollegen;mit;dem;anonymen;Telefon;VA;0;174
1;99;199;Die;Zentrale;verständigt;das;Flugzeug;mit;dem;digitalen;Funkgerät;VA;0;174
1;7;17;Die;Barfrau;verteilt;den;Gin;mit;dem;kalten;Tonic;NA;0;175
1;64;164;Der;Ober;verteilt;das;Sprudel;mit;dem;trübem;Apfelsaft;NA;0;175
2;6;26;Die;Putzfrau;vertreibt;die;Ziege;mit;dem;alten;Besen;VA;0;176
2;6;26;Die;Ziege;vertreibt;die;Putzfrau;mit;dem;alten;Besen;NA;0;176
2;91;291;Das;Volk;vertreibt;das;Militär;mit;den;grässlichen;Waffen;NA;0;176
2;91;291;Das;Militär;vertreibt;das;Volk;mit;den;grässlichen;Waffen;VA;0;176
1;121;1121;Der;Trainer;verurteilt;den;Athleten;mit;der;veralteten;Technik;NA;0;177
1;122;1122;Der;Guru;verurteilt;den;Gläubigen;mit;der;erfundenen;Zeremonie;NA;0;177
2;87;287;Der;Pfau;verwirrt;den;Koala;mit;seinem;auffälligen;Gefieder;VA;0;178
2;87;287;Der;Koala;verwirrt;den;Pfau;mit;seinem;auffälligen;Gefieder;NA;0;178
2;95;295;Der;Samurai;verwundet;den;Alligator;mit;dem;antiken;Schwert;VA;0;179
2;95;295;Der;Alligator;verwundet;den;Samurai;mit;dem;antiken;Schwert;NA;0;179
1;119;1119;Der;Zauberer;verzaubert;das;Huhn;mit;den;besonderen;Federn;NA;0;180
1;120;1120;Der;Prinz;verzaubert;das;Ross;mit;den;glitzernden;Strähnen;NA;0;180
1;8;18;Die;Bassistin;verziert;ihr;Shirt;mit;dem;grauen;Muster;VA;0;181
1;52;152;Die;Künstlerin;verziert;das;Geschirr;mit;den;blauen;Punkten;VA;0;181
1;127;1127;Der;Junggeselle;wählt;die;Angebetete;mit;einem;hübschen;Kleid;NA;1;182
1;128;1128;Der;Kandidat;wählt;die;Kandidatin;mit;einem;strahlenden;Lächeln;NA;0;182
1;8;18;Die;Bassistin;wäscht;ihr;Shirt;mit;dem;grauen;Muster;NA;1;183
1;52;152;Die;Künstlerin;wäscht;das;Geschirr;mit;den;blauen;Punkten;NA;1;183
1;68;168;Die;Pfadfinder;wässern;die;Kakteen;mit;den;dünnen;Pipetten;VA;0;184
1;56;156;Die;Lehrerin;wässert;die;Pflanze;mit;der;grünen;Gießkanne;VA;0;184
1;16;116;Die;Chefin;würdigt;den;Mitarbeiter;mit;der;faltbaren;Karte;VA;0;185
1;63;163;Die;Nichte;würdigt;die;Patentante;mit;der;riesigen;Torte;VA;0;185
1;14;114;Der;Camper;würzt;die;Suppe;mit;der;frischen;Petersilie;VA;0;186
1;44;144;Der;Koch;würzt;den;Salat;mit;den;lokalen;Kräutern;VA;0;186
2;21;221;Der;Fan;winkt;dem;Sänger;mit;der;akustischen;Gitarre;NA;0;188
2;21;221;Der;Sänger;winkt;dem;Fan;mit;der;akustischen;Gitarre;VA;0;188
1;47;147;Die;Konzerne;zählen;die;Einwohner;mit;einem;primären;Anschluss;NA;1;189
1;87;187;Der;Staat;zählt;die;Haushalte;mit;einem;robusten;Stromnetz;NA;0;189
1;103;1103;Der;Produzent;zählt;die;Fabriken;mit;den;seltenen;Teilen;NA;0;189
1;82;182;Die;Schülerin;zeigt;die;Klausur;mit;nur;wenigen;Fehlern;NA;0;190
1;84;184;Der;Sekretär;zeigt;das;Protokoll;mit;der;schönen;Handschrift;NA;0;190
2;29;229;Die;Taucherin;zwickt;die;Krabbe;mit;den;roten;Scheren;NA;0;191
2;29;229;Die;Krabbe;zwickt;die;Taucherin;mit;den;roten;Scheren;VA;0;191
